{"type":"FeatureCollection","name":"comunas_v_region","fuente":"Division Politico-Administrativa, Biblioteca del Congreso Nacional (BCN), via github.com/caracena/chile-geojson (5.geojson). Coordenadas a 5 decimales; 36 comunas continentales; nombres de COMUNAS_V_REGION.","features":[{"type":"Feature","properties":{"cut":5101,"nombre":"Valparaíso","provincia":"Valparaíso"},"geometry":{"type":"MultiPolygon","coordinates":[[[[-71.5871,-33.02844],[-71.58586,-33.02892],[-71.5833,-33.03212],[-71.58271,-33.0325],[-71.58256,-33.03428],[-71.58145,-33.03512],[-71.58213,-33.03776],[-71.5777,-33.04109],[-71.57575,-33.04326],[-71.57523,-33.04484],[-71.57279,-33.04796],[-71.57017,-33.04961],[-71.56843,-33.04954],[-71.56506,-33.05082],[-71.56196,-33.05129],[-71.55825,-33.05022],[-71.55743,-33.05131],[-71.55776,-33.05375],[-71.55849,-33.05663],[-71.55876,-33.05858],[-71.5557,-33.06333],[-71.55566,-33.06347],[-71.55565,-33.06348],[-71.5568,-33.06732],[-71.55581,-33.06943],[-71.55352,-33.07162],[-71.55286,-33.07226],[-71.54834,-33.07659],[-71.54749,-33.07785],[-71.54693,-33.07961],[-71.54645,-33.08155],[-71.54584,-33.08415],[-71.54276,-33.08766],[-71.54204,-33.08885],[-71.54196,-33.0891],[-71.54181,-33.08958],[-71.54184,-33.09083],[-71.54206,-33.09266],[-71.543,-33.09461],[-71.54525,-33.09602],[-71.54596,-33.09717],[-71.54362,-33.1001],[-71.5438,-33.1045],[-71.54151,-33.10473],[-71.54001,-33.10396],[-71.53679,-33.10391],[-71.535,-33.10277],[-71.53136,-33.10293],[-71.52945,-33.10241],[-71.52772,-33.10306],[-71.52449,-33.10205],[-71.52223,-33.09945],[-71.51919,-33.09771],[-71.51776,-33.09772],[-71.51218,-33.09938],[-71.51066,-33.09869],[-71.50689,-33.09529],[-71.50465,-33.09486],[-71.5025,-33.09641],[-71.50132,-33.09844],[-71.49936,-33.10046],[-71.49663,-33.10241],[-71.49355,-33.10362],[-71.49253,-33.10445],[-71.49123,-33.10689],[-71.48639,-33.10965],[-71.48342,-33.11319],[-71.47912,-33.11689],[-71.47936,-33.11777],[-71.48171,-33.1184],[-71.48352,-33.12041],[-71.48745,-33.12362],[-71.48901,-33.12674],[-71.48891,-33.12814],[-71.48728,-33.12911],[-71.48362,-33.13214],[-71.4826,-33.13216],[-71.47928,-33.13078],[-71.47826,-33.13236],[-71.48027,-33.13469],[-71.48041,-33.1415],[-71.47796,-33.14295],[-71.47849,-33.14455],[-71.47813,-33.1467],[-71.47672,-33.14739],[-71.47319,-33.15034],[-71.47182,-33.15103],[-71.47053,-33.15269],[-71.46815,-33.15447],[-71.46663,-33.15469],[-71.4639,-33.15638],[-71.46148,-33.1558],[-71.46026,-33.15692],[-71.45594,-33.15638],[-71.45412,-33.15556],[-71.45385,-33.15775],[-71.45152,-33.1596],[-71.44784,-33.16026],[-71.44776,-33.16236],[-71.44639,-33.16309],[-71.44227,-33.16301],[-71.44096,-33.16249],[-71.43545,-33.16313],[-71.43155,-33.16231],[-71.43035,-33.16245],[-71.4266,-33.16431],[-71.42381,-33.16682],[-71.41955,-33.16698],[-71.41864,-33.16731],[-71.41677,-33.16935],[-71.41517,-33.16984],[-71.41316,-33.17268],[-71.4122,-33.17286],[-71.40846,-33.17149],[-71.40316,-33.1742],[-71.3988,-33.17442],[-71.39725,-33.17352],[-71.39398,-33.17401],[-71.39297,-33.17465],[-71.39082,-33.18049],[-71.39001,-33.18124],[-71.38693,-33.18045],[-71.3851,-33.18293],[-71.38342,-33.18426],[-71.3864,-33.18811],[-71.38776,-33.19056],[-71.39005,-33.19279],[-71.39225,-33.19303],[-71.39397,-33.19671],[-71.39534,-33.19853],[-71.39636,-33.20151],[-71.39976,-33.20263],[-71.40486,-33.20171],[-71.40581,-33.20213],[-71.40763,-33.20585],[-71.40697,-33.20921],[-71.41079,-33.21109],[-71.41282,-33.21053],[-71.41461,-33.20835],[-71.41839,-33.2059],[-71.42324,-33.20605],[-71.42618,-33.20664],[-71.42801,-33.20574],[-71.43121,-33.20567],[-71.43578,-33.20848],[-71.43854,-33.20779],[-71.44425,-33.2053],[-71.44607,-33.20389],[-71.44811,-33.20386],[-71.45068,-33.20525],[-71.45435,-33.20499],[-71.45872,-33.20557],[-71.46271,-33.20581],[-71.46456,-33.2052],[-71.46598,-33.20314],[-71.46885,-33.20083],[-71.47076,-33.2007],[-71.472,-33.20299],[-71.47396,-33.20477],[-71.47605,-33.20573],[-71.47924,-33.20379],[-71.48141,-33.20504],[-71.48553,-33.20943],[-71.48818,-33.20986],[-71.49082,-33.20964],[-71.49469,-33.20561],[-71.49743,-33.20363],[-71.49931,-33.20373],[-71.50262,-33.20551],[-71.50526,-33.20459],[-71.50773,-33.20616],[-71.51041,-33.20848],[-71.51285,-33.20945],[-71.515,-33.20951],[-71.51895,-33.21047],[-71.52095,-33.2132],[-71.52258,-33.21375],[-71.52227,-33.21153],[-71.52323,-33.20946],[-71.525,-33.21015],[-71.52886,-33.20908],[-71.52994,-33.20838],[-71.53171,-33.20904],[-71.53455,-33.21111],[-71.53478,-33.21228],[-71.53651,-33.21383],[-71.53805,-33.21249],[-71.53719,-33.21089],[-71.54123,-33.20916],[-71.54298,-33.20711],[-71.54321,-33.20346],[-71.54365,-33.20215],[-71.54563,-33.20193],[-71.54858,-33.19992],[-71.54929,-33.19586],[-71.55085,-33.19485],[-71.55088,-33.19131],[-71.5548,-33.19077],[-71.55841,-33.19079],[-71.55957,-33.1895],[-71.56342,-33.1891],[-71.56455,-33.18846],[-71.56606,-33.1889],[-71.56833,-33.18643],[-71.56986,-33.18606],[-71.57168,-33.18696],[-71.57305,-33.18851],[-71.57606,-33.18949],[-71.5776,-33.18926],[-71.58121,-33.19021],[-71.58416,-33.18804],[-71.58388,-33.18695],[-71.58586,-33.18599],[-71.58883,-33.18335],[-71.59065,-33.18105],[-71.59168,-33.17758],[-71.59396,-33.17643],[-71.5969,-33.17639],[-71.59822,-33.17463],[-71.6008,-33.17237],[-71.60089,-33.17133],[-71.6027,-33.16923],[-71.6028,-33.16745],[-71.60614,-33.16613],[-71.60878,-33.16632],[-71.61208,-33.16589],[-71.61623,-33.16409],[-71.61951,-33.16208],[-71.62081,-33.16041],[-71.62289,-33.159],[-71.62571,-33.15944],[-71.62985,-33.15835],[-71.63158,-33.15928],[-71.63596,-33.1579],[-71.63916,-33.15965],[-71.64025,-33.15856],[-71.64293,-33.16018],[-71.64435,-33.16228],[-71.6488,-33.16406],[-71.6514,-33.16563],[-71.65405,-33.16642],[-71.6563,-33.16535],[-71.65737,-33.16331],[-71.6603,-33.16257],[-71.66236,-33.16095],[-71.6682,-33.16051],[-71.67021,-33.15911],[-71.67976,-33.15834],[-71.68476,-33.15686],[-71.68594,-33.15824],[-71.68711,-33.15842],[-71.69074,-33.15729],[-71.69299,-33.15707],[-71.69488,-33.15586],[-71.69747,-33.15518],[-71.69948,-33.15538],[-71.69955,-33.15321],[-71.70347,-33.15242],[-71.70632,-33.1515],[-71.70632,-33.14932],[-71.70916,-33.14645],[-71.71115,-33.14585],[-71.71049,-33.14329],[-71.71188,-33.14217],[-71.71102,-33.14044],[-71.70693,-33.14009],[-71.70566,-33.13856],[-71.70568,-33.13734],[-71.7082,-33.13612],[-71.71003,-33.13618],[-71.71217,-33.13553],[-71.71474,-33.13364],[-71.72015,-33.13051],[-71.71916,-33.12949],[-71.72014,-33.12838],[-71.7218,-33.12799],[-71.7236,-33.12576],[-71.72569,-33.12475],[-71.72627,-33.12268],[-71.72965,-33.12111],[-71.73162,-33.11937],[-71.73632,-33.11828],[-71.73546,-33.11432],[-71.73467,-33.11314],[-71.73601,-33.11243],[-71.73694,-33.10886],[-71.73835,-33.10815],[-71.73887,-33.10667],[-71.73561,-33.10445],[-71.73532,-33.10283],[-71.7366,-33.10116],[-71.73998,-33.10102],[-71.74095,-33.09913],[-71.74273,-33.09981],[-71.7442,-33.10106],[-71.74567,-33.09961],[-71.74233,-33.09934],[-71.74066,-33.09844],[-71.73889,-33.09824],[-71.73856,-33.09662],[-71.73603,-33.09585],[-71.73516,-33.09313],[-71.73379,-33.09097],[-71.73009,-33.08907],[-71.72671,-33.08951],[-71.7255,-33.09037],[-71.72335,-33.09072],[-71.7224,-33.09162],[-71.72232,-33.09361],[-71.71986,-33.09349],[-71.71745,-33.09682],[-71.71527,-33.09697],[-71.71113,-33.09836],[-71.70941,-33.0981],[-71.70837,-33.09968],[-71.70599,-33.09919],[-71.70446,-33.10042],[-71.7025,-33.10086],[-71.70091,-33.10238],[-71.69811,-33.1029],[-71.69629,-33.10157],[-71.6947,-33.103],[-71.69195,-33.10314],[-71.68945,-33.10262],[-71.6884,-33.10408],[-71.68644,-33.10233],[-71.68535,-33.10336],[-71.67926,-33.1037],[-71.67688,-33.10263],[-71.67585,-33.103],[-71.67365,-33.10224],[-71.66862,-33.09939],[-71.66463,-33.09601],[-71.6629,-33.09369],[-71.66276,-33.09171],[-71.66335,-33.08856],[-71.66543,-33.0857],[-71.66829,-33.08327],[-71.66896,-33.08042],[-71.66696,-33.0778],[-71.66376,-33.07688],[-71.66176,-33.07503],[-71.66313,-33.06953],[-71.66183,-33.06507],[-71.66249,-33.06344],[-71.66018,-33.06266],[-71.66138,-33.06022],[-71.66062,-33.0573],[-71.66098,-33.0542],[-71.65877,-33.05385],[-71.66103,-33.05111],[-71.66055,-33.04884],[-71.66175,-33.04813],[-71.66079,-33.04676],[-71.65857,-33.04543],[-71.65872,-33.04238],[-71.65991,-33.04202],[-71.65967,-33.0399],[-71.65818,-33.03852],[-71.65615,-33.03522],[-71.65758,-33.03318],[-71.65752,-33.03173],[-71.65602,-33.03058],[-71.65609,-33.02939],[-71.65428,-33.02901],[-71.6545,-33.02763],[-71.6522,-33.02672],[-71.64935,-33.02673],[-71.64887,-33.02442],[-71.64784,-33.02357],[-71.64902,-33.0216],[-71.64666,-33.02033],[-71.64558,-33.02178],[-71.64416,-33.02189],[-71.64237,-33.01909],[-71.63878,-33.01824],[-71.63635,-33.02003],[-71.63464,-33.01954],[-71.63328,-33.02061],[-71.6325,-33.02215],[-71.63109,-33.02679],[-71.62798,-33.02752],[-71.6263,-33.03427],[-71.62708,-33.03406],[-71.62817,-33.03627],[-71.62534,-33.03942],[-71.62221,-33.04194],[-71.62022,-33.04274],[-71.61799,-33.04298],[-71.61253,-33.04285],[-71.60893,-33.04208],[-71.60631,-33.04076],[-71.60494,-33.03878],[-71.60286,-33.03711],[-71.60034,-33.03601],[-71.59775,-33.03435],[-71.59465,-33.03332],[-71.58784,-33.0297],[-71.5871,-33.02844]]]]}},{"type":"Feature","properties":{"cut":5102,"nombre":"Casablanca","provincia":"Valparaíso"},"geometry":{"type":"MultiPolygon","coordinates":[[[[-71.69948,-33.15538],[-71.69747,-33.15518],[-71.69488,-33.15586],[-71.69299,-33.15707],[-71.69074,-33.15729],[-71.68711,-33.15842],[-71.68594,-33.15824],[-71.68476,-33.15686],[-71.67976,-33.15834],[-71.67021,-33.15911],[-71.6682,-33.16051],[-71.66236,-33.16095],[-71.6603,-33.16257],[-71.65737,-33.16331],[-71.6563,-33.16535],[-71.65405,-33.16642],[-71.6514,-33.16563],[-71.6488,-33.16406],[-71.64435,-33.16228],[-71.64293,-33.16018],[-71.64025,-33.15856],[-71.63916,-33.15965],[-71.63596,-33.1579],[-71.63158,-33.15928],[-71.62985,-33.15835],[-71.62571,-33.15944],[-71.62289,-33.159],[-71.62081,-33.16041],[-71.61951,-33.16208],[-71.61623,-33.16409],[-71.61208,-33.16589],[-71.60878,-33.16632],[-71.60614,-33.16613],[-71.6028,-33.16745],[-71.6027,-33.16923],[-71.60089,-33.17133],[-71.6008,-33.17237],[-71.59822,-33.17463],[-71.5969,-33.17639],[-71.59396,-33.17643],[-71.59168,-33.17758],[-71.59065,-33.18105],[-71.58883,-33.18335],[-71.58586,-33.18599],[-71.58388,-33.18695],[-71.58416,-33.18804],[-71.58121,-33.19021],[-71.5776,-33.18926],[-71.57606,-33.18949],[-71.57305,-33.18851],[-71.57168,-33.18696],[-71.56986,-33.18606],[-71.56833,-33.18643],[-71.56606,-33.1889],[-71.56455,-33.18846],[-71.56342,-33.1891],[-71.55957,-33.1895],[-71.55841,-33.19079],[-71.5548,-33.19077],[-71.55088,-33.19131],[-71.55085,-33.19485],[-71.54929,-33.19586],[-71.54858,-33.19992],[-71.54563,-33.20193],[-71.54365,-33.20215],[-71.54321,-33.20346],[-71.54298,-33.20711],[-71.54123,-33.20916],[-71.53719,-33.21089],[-71.53805,-33.21249],[-71.53651,-33.21383],[-71.53478,-33.21228],[-71.53455,-33.21111],[-71.53171,-33.20904],[-71.52994,-33.20838],[-71.52886,-33.20908],[-71.525,-33.21015],[-71.52323,-33.20946],[-71.52227,-33.21153],[-71.52258,-33.21375],[-71.52095,-33.2132],[-71.51895,-33.21047],[-71.515,-33.20951],[-71.51285,-33.20945],[-71.51041,-33.20848],[-71.50773,-33.20616],[-71.50526,-33.20459],[-71.50262,-33.20551],[-71.49931,-33.20373],[-71.49743,-33.20363],[-71.49469,-33.20561],[-71.49082,-33.20964],[-71.48818,-33.20986],[-71.48553,-33.20943],[-71.48141,-33.20504],[-71.47924,-33.20379],[-71.47605,-33.20573],[-71.47396,-33.20477],[-71.472,-33.20299],[-71.47076,-33.2007],[-71.46885,-33.20083],[-71.46598,-33.20314],[-71.46456,-33.2052],[-71.46271,-33.20581],[-71.45872,-33.20557],[-71.45435,-33.20499],[-71.45068,-33.20525],[-71.44811,-33.20386],[-71.44607,-33.20389],[-71.44425,-33.2053],[-71.43854,-33.20779],[-71.43578,-33.20848],[-71.43121,-33.20567],[-71.42801,-33.20574],[-71.42618,-33.20664],[-71.42324,-33.20605],[-71.41839,-33.2059],[-71.41461,-33.20835],[-71.41282,-33.21053],[-71.41079,-33.21109],[-71.40697,-33.20921],[-71.40763,-33.20585],[-71.40581,-33.20213],[-71.40486,-33.20171],[-71.39976,-33.20263],[-71.39636,-33.20151],[-71.39534,-33.19853],[-71.39397,-33.19671],[-71.39225,-33.19303],[-71.39005,-33.19279],[-71.38776,-33.19056],[-71.3864,-33.18811],[-71.38342,-33.18426],[-71.38136,-33.18411],[-71.37868,-33.18253],[-71.37654,-33.18032],[-71.37413,-33.18032],[-71.36986,-33.17811],[-71.36801,-33.1762],[-71.36658,-33.17784],[-71.36612,-33.1792],[-71.364,-33.17992],[-71.36263,-33.18133],[-71.36011,-33.18289],[-71.36,-33.18516],[-71.35802,-33.18717],[-71.35603,-33.18745],[-71.35318,-33.18862],[-71.35033,-33.19081],[-71.34877,-33.1929],[-71.3478,-33.1959],[-71.34645,-33.19796],[-71.34607,-33.19953],[-71.34461,-33.20069],[-71.34466,-33.20275],[-71.3419,-33.20143],[-71.3389,-33.20147],[-71.33438,-33.20079],[-71.33318,-33.19986],[-71.33066,-33.20045],[-71.32848,-33.20198],[-71.32416,-33.20332],[-71.32187,-33.20296],[-71.32053,-33.20201],[-71.31755,-33.20121],[-71.31222,-33.20262],[-71.30958,-33.20409],[-71.30649,-33.20337],[-71.30551,-33.20452],[-71.30159,-33.20655],[-71.29954,-33.20858],[-71.29811,-33.20935],[-71.298,-33.21112],[-71.29681,-33.21367],[-71.29427,-33.217],[-71.29175,-33.21766],[-71.29032,-33.21678],[-71.28997,-33.21554],[-71.28775,-33.21427],[-71.28577,-33.21541],[-71.28131,-33.21465],[-71.27714,-33.21897],[-71.27605,-33.22062],[-71.27546,-33.22264],[-71.27339,-33.22451],[-71.26822,-33.22283],[-71.26641,-33.22446],[-71.26524,-33.22845],[-71.26399,-33.23019],[-71.26081,-33.23333],[-71.25957,-33.23371],[-71.25493,-33.23386],[-71.25261,-33.2319],[-71.25088,-33.23355],[-71.24805,-33.23436],[-71.24612,-33.23557],[-71.24435,-33.23909],[-71.24269,-33.23893],[-71.23894,-33.23968],[-71.23676,-33.2393],[-71.23289,-33.24134],[-71.23078,-33.24146],[-71.22832,-33.24416],[-71.22567,-33.24653],[-71.2259,-33.24897],[-71.22425,-33.25202],[-71.2213,-33.25383],[-71.22118,-33.25569],[-71.2197,-33.2595],[-71.22009,-33.26096],[-71.22255,-33.2639],[-71.22377,-33.26597],[-71.22598,-33.26703],[-71.2267,-33.26944],[-71.22419,-33.27053],[-71.22314,-33.27205],[-71.22323,-33.27581],[-71.22255,-33.27914],[-71.22108,-33.28078],[-71.21937,-33.28139],[-71.21713,-33.28483],[-71.21442,-33.28571],[-71.21342,-33.28803],[-71.21427,-33.29033],[-71.21395,-33.29184],[-71.21477,-33.29283],[-71.21365,-33.29603],[-71.21251,-33.29769],[-71.21197,-33.29974],[-71.21041,-33.30266],[-71.20749,-33.30553],[-71.20566,-33.30907],[-71.20117,-33.31027],[-71.19547,-33.30976],[-71.19601,-33.31173],[-71.19894,-33.31528],[-71.20497,-33.32101],[-71.20583,-33.32486],[-71.20549,-33.32791],[-71.20563,-33.3304],[-71.20617,-33.33117],[-71.20903,-33.33168],[-71.21235,-33.33085],[-71.21313,-33.3317],[-71.21121,-33.33333],[-71.21095,-33.33566],[-71.21254,-33.34068],[-71.21509,-33.34441],[-71.215,-33.3473],[-71.21581,-33.34857],[-71.21572,-33.35246],[-71.21441,-33.35438],[-71.21432,-33.35555],[-71.21848,-33.35895],[-71.21995,-33.36113],[-71.21988,-33.36365],[-71.22061,-33.36584],[-71.22243,-33.36828],[-71.22336,-33.37062],[-71.22296,-33.37315],[-71.22679,-33.37493],[-71.22992,-33.37478],[-71.23211,-33.3754],[-71.23599,-33.37407],[-71.2377,-33.37543],[-71.24024,-33.37923],[-71.24362,-33.38198],[-71.24415,-33.38366],[-71.24638,-33.38321],[-71.25102,-33.38336],[-71.25529,-33.38317],[-71.2588,-33.38493],[-71.26069,-33.38524],[-71.26601,-33.38706],[-71.26756,-33.38832],[-71.26771,-33.39184],[-71.26824,-33.39384],[-71.27214,-33.3969],[-71.27611,-33.3996],[-71.27714,-33.40111],[-71.27716,-33.40286],[-71.27642,-33.40433],[-71.27955,-33.40702],[-71.28034,-33.40949],[-71.28167,-33.41051],[-71.28608,-33.41052],[-71.28782,-33.41144],[-71.29111,-33.41212],[-71.2934,-33.41221],[-71.29588,-33.41168],[-71.29779,-33.41326],[-71.29965,-33.41292],[-71.3005,-33.41147],[-71.30647,-33.40944],[-71.31232,-33.41077],[-71.31575,-33.41088],[-71.3185,-33.41044],[-71.32158,-33.41103],[-71.32301,-33.41009],[-71.32554,-33.40948],[-71.32544,-33.40782],[-71.32638,-33.407],[-71.33112,-33.40761],[-71.33235,-33.40848],[-71.33315,-33.41177],[-71.33518,-33.41339],[-71.33823,-33.41336],[-71.34276,-33.41511],[-71.34333,-33.41568],[-71.34307,-33.41836],[-71.34405,-33.42202],[-71.34354,-33.4241],[-71.34151,-33.42745],[-71.34343,-33.42933],[-71.34366,-33.43117],[-71.34295,-33.43325],[-71.34082,-33.43685],[-71.34051,-33.43928],[-71.33752,-33.44103],[-71.33806,-33.44352],[-71.33759,-33.44798],[-71.33888,-33.44974],[-71.33832,-33.45239],[-71.33831,-33.45458],[-71.33621,-33.45589],[-71.33947,-33.45532],[-71.34169,-33.45382],[-71.34504,-33.45287],[-71.34738,-33.45177],[-71.34911,-33.45257],[-71.35363,-33.45179],[-71.35571,-33.45228],[-71.35681,-33.45185],[-71.36057,-33.45186],[-71.36474,-33.45263],[-71.36793,-33.45376],[-71.37127,-33.45601],[-71.37704,-33.45703],[-71.37852,-33.45655],[-71.38039,-33.45777],[-71.38368,-33.45807],[-71.3858,-33.45629],[-71.38938,-33.45576],[-71.39105,-33.455],[-71.39594,-33.45915],[-71.39862,-33.46027],[-71.40174,-33.46332],[-71.40289,-33.4629],[-71.40403,-33.46401],[-71.40688,-33.46506],[-71.40748,-33.46594],[-71.40757,-33.46909],[-71.41085,-33.47433],[-71.4129,-33.47518],[-71.4154,-33.47496],[-71.42344,-33.47519],[-71.42632,-33.47639],[-71.42898,-33.47666],[-71.4332,-33.47979],[-71.43368,-33.48156],[-71.4353,-33.4825],[-71.43559,-33.48415],[-71.43402,-33.48669],[-71.43459,-33.48805],[-71.43698,-33.48922],[-71.44066,-33.48797],[-71.44515,-33.48789],[-71.44749,-33.48881],[-71.44916,-33.48797],[-71.45196,-33.48799],[-71.45288,-33.48755],[-71.45653,-33.48857],[-71.45768,-33.4881],[-71.45888,-33.48642],[-71.4638,-33.48454],[-71.46611,-33.48446],[-71.47006,-33.4824],[-71.47129,-33.48144],[-71.47166,-33.47933],[-71.47419,-33.47839],[-71.47743,-33.47533],[-71.47911,-33.47328],[-71.48071,-33.47263],[-71.48263,-33.47889],[-71.48469,-33.47837],[-71.48492,-33.47662],[-71.48458,-33.47303],[-71.48703,-33.47254],[-71.49063,-33.4755],[-71.493,-33.47545],[-71.49678,-33.47365],[-71.49849,-33.47455],[-71.49926,-33.47607],[-71.50169,-33.47663],[-71.50342,-33.47481],[-71.50523,-33.47405],[-71.50736,-33.47413],[-71.50922,-33.4751],[-71.511,-33.47507],[-71.51213,-33.47383],[-71.51166,-33.46919],[-71.51368,-33.46741],[-71.51689,-33.46769],[-71.51934,-33.46885],[-71.52029,-33.46665],[-71.52123,-33.46586],[-71.52395,-33.46629],[-71.52524,-33.4659],[-71.52913,-33.46372],[-71.52988,-33.46136],[-71.53449,-33.45884],[-71.53552,-33.45946],[-71.53541,-33.46092],[-71.53753,-33.46147],[-71.54044,-33.45886],[-71.54422,-33.45931],[-71.54656,-33.45861],[-71.54844,-33.45861],[-71.55248,-33.45974],[-71.55825,-33.45989],[-71.56053,-33.46057],[-71.56255,-33.46036],[-71.5647,-33.45955],[-71.57034,-33.45931],[-71.57244,-33.45862],[-71.57423,-33.45875],[-71.57949,-33.46121],[-71.58194,-33.46273],[-71.58315,-33.46275],[-71.58574,-33.46067],[-71.58854,-33.46081],[-71.5919,-33.46167],[-71.59386,-33.46107],[-71.59369,-33.45885],[-71.5952,-33.45677],[-71.59828,-33.45651],[-71.60248,-33.45331],[-71.60648,-33.45334],[-71.60716,-33.45179],[-71.60884,-33.45006],[-71.61208,-33.44882],[-71.61675,-33.44516],[-71.61547,-33.44418],[-71.61477,-33.44182],[-71.61562,-33.44126],[-71.61565,-33.44124],[-71.61029,-33.43787],[-71.60626,-33.43677],[-71.60469,-33.43592],[-71.60308,-33.43415],[-71.60125,-33.43337],[-71.59827,-33.43321],[-71.59603,-33.43205],[-71.59315,-33.432],[-71.59057,-33.43279],[-71.59049,-33.42735],[-71.58988,-33.40984],[-71.58915,-33.39979],[-71.58841,-33.39915],[-71.58665,-33.39566],[-71.58448,-33.39397],[-71.58375,-33.39138],[-71.5844,-33.38999],[-71.58384,-33.38878],[-71.58024,-33.38762],[-71.57924,-33.3899],[-71.57775,-33.39066],[-71.57416,-33.39141],[-71.57008,-33.39335],[-71.56754,-33.39313],[-71.5637,-33.39461],[-71.55858,-33.39444],[-71.55426,-33.39562],[-71.55017,-33.39593],[-71.54745,-33.39519],[-71.54806,-33.39064],[-71.55075,-33.3799],[-71.55038,-33.37222],[-71.53939,-33.35889],[-71.53543,-33.34982],[-71.53289,-33.34644],[-71.53241,-33.34367],[-71.53105,-33.34062],[-71.53082,-33.33709],[-71.52934,-33.33357],[-71.52717,-33.3316],[-71.52701,-33.32794],[-71.52821,-33.32595],[-71.52786,-33.32344],[-71.5272,-33.32234],[-71.52373,-33.32087],[-71.52576,-33.31792],[-71.52357,-33.31478],[-71.52359,-33.31111],[-71.52235,-33.30611],[-71.52284,-33.304],[-71.52464,-33.30143],[-71.52827,-33.3011],[-71.53168,-33.29998],[-71.53331,-33.29576],[-71.53683,-33.29497],[-71.53809,-33.29344],[-71.53842,-33.29035],[-71.53981,-33.28823],[-71.53807,-33.28336],[-71.53494,-33.27975],[-71.53305,-33.27631],[-71.5327,-33.27468],[-71.52969,-33.27252],[-71.53026,-33.27056],[-71.52808,-33.26947],[-71.52709,-33.26798],[-71.5282,-33.26674],[-71.53027,-33.26582],[-71.53344,-33.26156],[-71.53685,-33.25925],[-71.53883,-33.25896],[-71.54122,-33.26042],[-71.54649,-33.26153],[-71.54932,-33.26097],[-71.55044,-33.25985],[-71.55111,-33.25724],[-71.55205,-33.25676],[-71.55368,-33.25815],[-71.55596,-33.26091],[-71.55827,-33.26051],[-71.56039,-33.25803],[-71.56204,-33.25804],[-71.56299,-33.25999],[-71.56679,-33.26],[-71.56733,-33.26137],[-71.56892,-33.26293],[-71.56992,-33.26652],[-71.57217,-33.26836],[-71.57564,-33.2674],[-71.57807,-33.2687],[-71.57944,-33.26783],[-71.57805,-33.26635],[-71.57631,-33.26234],[-71.57707,-33.26085],[-71.57992,-33.25954],[-71.58338,-33.25645],[-71.58689,-33.25545],[-71.58684,-33.25386],[-71.59209,-33.25339],[-71.5947,-33.25204],[-71.5957,-33.25206],[-71.59636,-33.25599],[-71.59842,-33.25641],[-71.59915,-33.2558],[-71.60193,-33.25709],[-71.60505,-33.26109],[-71.60699,-33.26105],[-71.6068,-33.25954],[-71.60754,-33.25596],[-71.60893,-33.2556],[-71.61001,-33.25662],[-71.61151,-33.2568],[-71.61584,-33.25891],[-71.61686,-33.25977],[-71.61727,-33.26358],[-71.61877,-33.2651],[-71.6182,-33.26603],[-71.61992,-33.26709],[-71.62508,-33.26756],[-71.62676,-33.2669],[-71.62904,-33.26721],[-71.63071,-33.26642],[-71.6329,-33.26637],[-71.63393,-33.26564],[-71.63523,-33.26242],[-71.63629,-33.26269],[-71.63753,-33.26426],[-71.63983,-33.26438],[-71.64199,-33.26312],[-71.64512,-33.26267],[-71.64684,-33.26331],[-71.65105,-33.269],[-71.65328,-33.2743],[-71.65554,-33.27635],[-71.65844,-33.27826],[-71.66397,-33.27934],[-71.66529,-33.27889],[-71.66773,-33.27987],[-71.67114,-33.27826],[-71.67451,-33.27405],[-71.6732,-33.27325],[-71.6751,-33.26994],[-71.67388,-33.26561],[-71.67599,-33.26393],[-71.6787,-33.26245],[-71.68205,-33.25805],[-71.68226,-33.2552],[-71.68429,-33.25412],[-71.68576,-33.25262],[-71.68969,-33.25178],[-71.69248,-33.24985],[-71.69473,-33.24933],[-71.69511,-33.24732],[-71.6943,-33.24525],[-71.69162,-33.24518],[-71.69064,-33.24255],[-71.68643,-33.24113],[-71.68583,-33.23978],[-71.68651,-33.23859],[-71.6859,-33.23631],[-71.68436,-33.23509],[-71.68031,-33.23433],[-71.67956,-33.23234],[-71.68023,-33.23149],[-71.67957,-33.22973],[-71.68155,-33.22574],[-71.68149,-33.22145],[-71.6841,-33.21884],[-71.68594,-33.2175],[-71.68584,-33.21604],[-71.68702,-33.21426],[-71.69129,-33.21431],[-71.69431,-33.21201],[-71.69632,-33.21113],[-71.69631,-33.20999],[-71.69763,-33.2094],[-71.69945,-33.20766],[-71.69865,-33.20545],[-71.70154,-33.20335],[-71.70237,-33.20176],[-71.70345,-33.20135],[-71.70604,-33.20154],[-71.70778,-33.19911],[-71.70718,-33.19721],[-71.70495,-33.19639],[-71.70475,-33.19549],[-71.70265,-33.1936],[-71.69981,-33.19386],[-71.69883,-33.19176],[-71.6966,-33.19023],[-71.68934,-33.18811],[-71.68941,-33.18567],[-71.68822,-33.18434],[-71.68846,-33.18336],[-71.68533,-33.18282],[-71.68448,-33.18113],[-71.68416,-33.17893],[-71.68441,-33.17434],[-71.68476,-33.1729],[-71.68666,-33.17254],[-71.68738,-33.17014],[-71.68834,-33.16878],[-71.69099,-33.16701],[-71.69241,-33.16711],[-71.69379,-33.16282],[-71.69589,-33.16099],[-71.69794,-33.15737],[-71.69948,-33.15538]]]]}},{"type":"Feature","properties":{"cut":5103,"nombre":"Concón","provincia":"Valparaíso"},"geometry":{"type":"MultiPolygon","coordinates":[[[[-71.50769,-32.91576],[-71.5077,-32.91601],[-71.50703,-32.91688],[-71.50557,-32.9212],[-71.5025,-32.9226],[-71.49876,-32.92239],[-71.49609,-32.92337],[-71.49299,-32.92377],[-71.49036,-32.92499],[-71.48882,-32.92355],[-71.48498,-32.92154],[-71.48184,-32.92118],[-71.47938,-32.92029],[-71.47786,-32.92034],[-71.47374,-32.91904],[-71.47094,-32.92045],[-71.46671,-32.91958],[-71.46508,-32.92049],[-71.46399,-32.92205],[-71.46214,-32.92266],[-71.45972,-32.92173],[-71.45874,-32.92053],[-71.45622,-32.92078],[-71.45493,-32.92176],[-71.45448,-32.92461],[-71.45358,-32.92722],[-71.45157,-32.92618],[-71.44883,-32.92643],[-71.44589,-32.92605],[-71.44457,-32.92489],[-71.44435,-32.92355],[-71.44288,-32.92268],[-71.44028,-32.92843],[-71.43935,-32.93136],[-71.43973,-32.93279],[-71.43824,-32.93393],[-71.43608,-32.9335],[-71.43223,-32.93128],[-71.43132,-32.93116],[-71.4265,-32.93263],[-71.42585,-32.93374],[-71.42793,-32.93542],[-71.42864,-32.93664],[-71.42823,-32.93808],[-71.42619,-32.93998],[-71.42177,-32.94159],[-71.41885,-32.94232],[-71.41688,-32.94093],[-71.41766,-32.93624],[-71.41724,-32.93534],[-71.41423,-32.93375],[-71.41247,-32.93355],[-71.40839,-32.93511],[-71.40762,-32.93593],[-71.40747,-32.93879],[-71.40506,-32.94161],[-71.40293,-32.94236],[-71.4032,-32.94622],[-71.4021,-32.94841],[-71.39912,-32.95114],[-71.39894,-32.95272],[-71.39955,-32.95568],[-71.39762,-32.95739],[-71.39749,-32.95873],[-71.39625,-32.96123],[-71.39399,-32.96128],[-71.39363,-32.96252],[-71.39147,-32.96428],[-71.38916,-32.96549],[-71.38845,-32.96861],[-71.38714,-32.96991],[-71.38857,-32.97137],[-71.39065,-32.97198],[-71.39136,-32.97316],[-71.39435,-32.97463],[-71.39649,-32.9743],[-71.39816,-32.97517],[-71.40035,-32.97465],[-71.4029,-32.9747],[-71.40662,-32.97611],[-71.41317,-32.9757],[-71.41741,-32.97757],[-71.42315,-32.97612],[-71.4247,-32.97695],[-71.4252,-32.97871],[-71.42689,-32.98049],[-71.42833,-32.98342],[-71.42855,-32.98527],[-71.43001,-32.98701],[-71.43019,-32.9893],[-71.43103,-32.99109],[-71.43445,-32.99399],[-71.434,-32.99624],[-71.43385,-32.99995],[-71.43372,-33.00059],[-71.43529,-33.00181],[-71.43841,-33.00214],[-71.44276,-33.002],[-71.44411,-32.99976],[-71.44597,-32.99873],[-71.44879,-32.99381],[-71.4507,-32.99236],[-71.4548,-32.99051],[-71.45804,-32.98837],[-71.4596,-32.98676],[-71.46214,-32.98554],[-71.46643,-32.98483],[-71.46845,-32.98527],[-71.47124,-32.98354],[-71.47579,-32.98319],[-71.47556,-32.98032],[-71.47841,-32.97863],[-71.48013,-32.9771],[-71.48856,-32.97325],[-71.49165,-32.97221],[-71.4957,-32.96907],[-71.50394,-32.96446],[-71.5123,-32.95877],[-71.52141,-32.95611],[-71.53887,-32.95121],[-71.54255,-32.94913],[-71.54728,-32.94525],[-71.55052,-32.94569],[-71.5522,-32.94312],[-71.55413,-32.94162],[-71.55212,-32.93732],[-71.5497,-32.93545],[-71.55086,-32.93448],[-71.55097,-32.93039],[-71.55144,-32.92854],[-71.54937,-32.92779],[-71.54564,-32.92814],[-71.54489,-32.92698],[-71.54194,-32.92699],[-71.54112,-32.92908],[-71.53943,-32.92951],[-71.53736,-32.93077],[-71.53399,-32.93071],[-71.53138,-32.92931],[-71.53028,-32.92807],[-71.52684,-32.92595],[-71.52446,-32.92301],[-71.52345,-32.91844],[-71.51924,-32.91793],[-71.51758,-32.91921],[-71.51509,-32.92023],[-71.51326,-32.91978],[-71.51061,-32.91802],[-71.50788,-32.91392],[-71.50764,-32.91539],[-71.50769,-32.91576]]]]}},{"type":"Feature","properties":{"cut":5105,"nombre":"Puchuncaví","provincia":"Valparaíso"},"geometry":{"type":"MultiPolygon","coordinates":[[[[-71.43015,-32.63227],[-71.42782,-32.63261],[-71.42538,-32.63379],[-71.42366,-32.6337],[-71.41905,-32.63186],[-71.41811,-32.6289],[-71.41577,-32.62681],[-71.41375,-32.63041],[-71.41201,-32.6306],[-71.40859,-32.62931],[-71.40779,-32.63116],[-71.40554,-32.63307],[-71.405,-32.63432],[-71.40506,-32.63651],[-71.40423,-32.63716],[-71.39979,-32.63832],[-71.39907,-32.63945],[-71.3999,-32.64222],[-71.39839,-32.64209],[-71.39671,-32.64101],[-71.39572,-32.6427],[-71.39412,-32.64261],[-71.39222,-32.64372],[-71.38932,-32.64446],[-71.39063,-32.64614],[-71.39,-32.64715],[-71.38752,-32.64748],[-71.38501,-32.64705],[-71.38341,-32.64781],[-71.38356,-32.65004],[-71.3822,-32.65035],[-71.38016,-32.64971],[-71.37978,-32.65306],[-71.37895,-32.65539],[-71.3804,-32.65695],[-71.37943,-32.65948],[-71.37715,-32.66032],[-71.37709,-32.66359],[-71.38006,-32.66369],[-71.37926,-32.66542],[-71.38138,-32.66554],[-71.38352,-32.66633],[-71.38209,-32.66743],[-71.37697,-32.66773],[-71.37556,-32.66808],[-71.37464,-32.66975],[-71.37503,-32.67185],[-71.37385,-32.67374],[-71.3719,-32.67485],[-71.37003,-32.677],[-71.36141,-32.67704],[-71.35894,-32.67866],[-71.35614,-32.6815],[-71.35403,-32.68202],[-71.35272,-32.68057],[-71.34991,-32.68106],[-71.34902,-32.68291],[-71.34635,-32.6834],[-71.3426,-32.68044],[-71.34122,-32.67987],[-71.33832,-32.67636],[-71.33512,-32.67447],[-71.33423,-32.67285],[-71.33252,-32.67253],[-71.32813,-32.67372],[-71.32636,-32.67451],[-71.32357,-32.67421],[-71.32049,-32.67596],[-71.31887,-32.67627],[-71.31835,-32.67746],[-71.31867,-32.67952],[-71.31765,-32.68206],[-71.3135,-32.68394],[-71.30902,-32.68544],[-71.30458,-32.68632],[-71.29909,-32.68627],[-71.29567,-32.68727],[-71.28973,-32.69048],[-71.2873,-32.69238],[-71.28706,-32.69375],[-71.28491,-32.69528],[-71.28059,-32.69639],[-71.27825,-32.69768],[-71.27739,-32.70124],[-71.27828,-32.70286],[-71.27834,-32.7063],[-71.28021,-32.70734],[-71.28054,-32.71003],[-71.28345,-32.7133],[-71.28426,-32.71532],[-71.2866,-32.7169],[-71.28961,-32.71807],[-71.29116,-32.71942],[-71.29926,-32.72277],[-71.30247,-32.72448],[-71.30579,-32.72585],[-71.30561,-32.72793],[-71.30724,-32.73057],[-71.30793,-32.733],[-71.31141,-32.73317],[-71.31297,-32.73379],[-71.31338,-32.73534],[-71.31284,-32.73774],[-71.31268,-32.74074],[-71.31299,-32.74319],[-71.3149,-32.74597],[-71.31419,-32.74768],[-71.30354,-32.75293],[-71.29966,-32.75429],[-71.29548,-32.75844],[-71.2988,-32.7617],[-71.30031,-32.76412],[-71.29972,-32.76477],[-71.29318,-32.76748],[-71.29205,-32.76942],[-71.2936,-32.77143],[-71.29528,-32.77906],[-71.29527,-32.78175],[-71.294,-32.78362],[-71.29304,-32.784],[-71.29429,-32.78524],[-71.29777,-32.78714],[-71.30048,-32.78796],[-71.304,-32.78804],[-71.30536,-32.78945],[-71.30558,-32.79109],[-71.30321,-32.79488],[-71.30312,-32.79758],[-71.30407,-32.8002],[-71.30725,-32.80406],[-71.31002,-32.805],[-71.31305,-32.80722],[-71.31626,-32.81017],[-71.32056,-32.81072],[-71.32155,-32.81384],[-71.32309,-32.81486],[-71.32694,-32.81874],[-71.32727,-32.82077],[-71.32898,-32.82367],[-71.33033,-32.82755],[-71.32846,-32.82873],[-71.32689,-32.83073],[-71.32714,-32.8321],[-71.32747,-32.83299],[-71.33012,-32.83612],[-71.33261,-32.8378],[-71.33715,-32.83858],[-71.33817,-32.83927],[-71.34114,-32.83965],[-71.34558,-32.83932],[-71.3484,-32.83999],[-71.35067,-32.84196],[-71.35112,-32.84575],[-71.35342,-32.8503],[-71.35654,-32.85399],[-71.35712,-32.85581],[-71.35856,-32.85639],[-71.36234,-32.85695],[-71.36639,-32.85711],[-71.36662,-32.85848],[-71.36812,-32.86027],[-71.37136,-32.86231],[-71.37322,-32.86275],[-71.37548,-32.86226],[-71.38288,-32.85689],[-71.38468,-32.85671],[-71.38592,-32.85736],[-71.38827,-32.85701],[-71.38924,-32.85332],[-71.39125,-32.85118],[-71.39296,-32.85166],[-71.39588,-32.8515],[-71.40006,-32.85196],[-71.40515,-32.85109],[-71.40765,-32.85145],[-71.41263,-32.851],[-71.41508,-32.85151],[-71.41649,-32.85118],[-71.41788,-32.84862],[-71.41901,-32.84534],[-71.42182,-32.84246],[-71.41974,-32.84059],[-71.41867,-32.83775],[-71.41887,-32.83517],[-71.41719,-32.83344],[-71.41484,-32.8299],[-71.41406,-32.82797],[-71.41425,-32.82661],[-71.41315,-32.82449],[-71.41351,-32.82094],[-71.41227,-32.81865],[-71.41221,-32.8164],[-71.41117,-32.81466],[-71.41174,-32.81225],[-71.41316,-32.8114],[-71.41287,-32.80908],[-71.41509,-32.80755],[-71.41437,-32.80615],[-71.41568,-32.80437],[-71.41576,-32.80169],[-71.4166,-32.80174],[-71.42646,-32.79685],[-71.41911,-32.78794],[-71.41605,-32.78499],[-71.42398,-32.78382],[-71.42836,-32.78286],[-71.43216,-32.78291],[-71.43686,-32.78209],[-71.4368,-32.78085],[-71.43991,-32.7785],[-71.43997,-32.78163],[-71.44132,-32.78052],[-71.44143,-32.78048],[-71.44216,-32.78026],[-71.44283,-32.7803],[-71.44338,-32.78049],[-71.44666,-32.78038],[-71.45179,-32.78105],[-71.45241,-32.78165],[-71.45652,-32.78941],[-71.46059,-32.79565],[-71.46459,-32.80087],[-71.47794,-32.79111],[-71.48608,-32.7856],[-71.48825,-32.78322],[-71.47907,-32.77343],[-71.47639,-32.77057],[-71.47252,-32.76643],[-71.47593,-32.76283],[-71.47845,-32.76471],[-71.48079,-32.76506],[-71.48084,-32.76678],[-71.48579,-32.77151],[-71.4905,-32.77014],[-71.48728,-32.76522],[-71.48592,-32.76104],[-71.48503,-32.75678],[-71.48464,-32.75249],[-71.48497,-32.74725],[-71.48682,-32.74368],[-71.48958,-32.74141],[-71.49193,-32.74131],[-71.49364,-32.74311],[-71.49511,-32.74364],[-71.49838,-32.7426],[-71.49899,-32.74015],[-71.50089,-32.73818],[-71.49974,-32.73657],[-71.50042,-32.73536],[-71.50247,-32.73571],[-71.50194,-32.73179],[-71.50261,-32.72954],[-71.50177,-32.72716],[-71.50331,-32.7264],[-71.50234,-32.7251],[-71.50264,-32.72374],[-71.50608,-32.72158],[-71.50668,-32.71981],[-71.50964,-32.71706],[-71.50831,-32.71253],[-71.5095,-32.71147],[-71.50853,-32.71042],[-71.5036,-32.71017],[-71.50173,-32.71104],[-71.49966,-32.71064],[-71.49793,-32.71128],[-71.49514,-32.70983],[-71.49432,-32.70844],[-71.49225,-32.70937],[-71.48991,-32.70858],[-71.4881,-32.70998],[-71.4866,-32.71346],[-71.48456,-32.71434],[-71.4801,-32.71568],[-71.4771,-32.71511],[-71.475,-32.71427],[-71.47094,-32.71187],[-71.46827,-32.7094],[-71.46232,-32.70231],[-71.46085,-32.70085],[-71.46011,-32.69909],[-71.45876,-32.69865],[-71.45745,-32.69578],[-71.45538,-32.69361],[-71.45411,-32.69288],[-71.45454,-32.69179],[-71.45205,-32.68869],[-71.45057,-32.68839],[-71.44905,-32.68663],[-71.44593,-32.68209],[-71.44454,-32.67917],[-71.44287,-32.67417],[-71.44209,-32.66922],[-71.44197,-32.66094],[-71.44262,-32.66069],[-71.44344,-32.65698],[-71.44345,-32.65451],[-71.44247,-32.65253],[-71.44326,-32.65033],[-71.44164,-32.64981],[-71.44084,-32.64867],[-71.4391,-32.64878],[-71.43845,-32.64697],[-71.43694,-32.64494],[-71.43486,-32.64474],[-71.43256,-32.64353],[-71.43125,-32.64163],[-71.43033,-32.63782],[-71.43015,-32.63227]]]]}},{"type":"Feature","properties":{"cut":5107,"nombre":"Quintero","provincia":"Valparaíso"},"geometry":{"type":"MultiPolygon","coordinates":[[[[-71.51936,-32.88901],[-71.52099,-32.89165],[-71.52299,-32.88901],[-71.52191,-32.88834],[-71.51936,-32.88901]]],[[[-71.4905,-32.77014],[-71.48579,-32.77151],[-71.48084,-32.76678],[-71.48079,-32.76506],[-71.47845,-32.76471],[-71.47593,-32.76283],[-71.47252,-32.76643],[-71.47639,-32.77057],[-71.47907,-32.77343],[-71.48825,-32.78322],[-71.48608,-32.7856],[-71.47794,-32.79111],[-71.46459,-32.80087],[-71.46059,-32.79565],[-71.45652,-32.78941],[-71.45241,-32.78165],[-71.45179,-32.78105],[-71.44666,-32.78038],[-71.44338,-32.78049],[-71.44283,-32.7803],[-71.44216,-32.78026],[-71.44143,-32.78048],[-71.44132,-32.78052],[-71.43997,-32.78163],[-71.43991,-32.7785],[-71.4368,-32.78085],[-71.43686,-32.78209],[-71.43216,-32.78291],[-71.42836,-32.78286],[-71.42398,-32.78382],[-71.41605,-32.78499],[-71.41911,-32.78794],[-71.42646,-32.79685],[-71.4166,-32.80174],[-71.41576,-32.80169],[-71.41568,-32.80437],[-71.41437,-32.80615],[-71.41509,-32.80755],[-71.41287,-32.80908],[-71.41316,-32.8114],[-71.41174,-32.81225],[-71.41117,-32.81466],[-71.41221,-32.8164],[-71.41227,-32.81865],[-71.41351,-32.82094],[-71.41315,-32.82449],[-71.41425,-32.82661],[-71.41406,-32.82797],[-71.41484,-32.8299],[-71.41719,-32.83344],[-71.41887,-32.83517],[-71.41867,-32.83775],[-71.41974,-32.84059],[-71.42182,-32.84246],[-71.41901,-32.84534],[-71.41788,-32.84862],[-71.41649,-32.85118],[-71.41508,-32.85151],[-71.41263,-32.851],[-71.40765,-32.85145],[-71.40515,-32.85109],[-71.40006,-32.85196],[-71.39588,-32.8515],[-71.39296,-32.85166],[-71.39125,-32.85118],[-71.38924,-32.85332],[-71.38827,-32.85701],[-71.3903,-32.85921],[-71.39418,-32.86034],[-71.39619,-32.86176],[-71.40024,-32.8626],[-71.40171,-32.86396],[-71.4018,-32.86893],[-71.40433,-32.87101],[-71.40632,-32.87197],[-71.4108,-32.87337],[-71.41623,-32.87393],[-71.41921,-32.87674],[-71.42121,-32.88018],[-71.42467,-32.88098],[-71.42942,-32.8811],[-71.43216,-32.88403],[-71.43312,-32.88641],[-71.43449,-32.89108],[-71.43611,-32.89301],[-71.43705,-32.8933],[-71.44303,-32.89281],[-71.44783,-32.89139],[-71.45221,-32.89095],[-71.45146,-32.89448],[-71.45065,-32.89582],[-71.45077,-32.89793],[-71.44886,-32.89845],[-71.44771,-32.90058],[-71.4461,-32.90187],[-71.44442,-32.90558],[-71.44068,-32.9071],[-71.43893,-32.90827],[-71.43881,-32.90924],[-71.44127,-32.91046],[-71.44125,-32.91238],[-71.4388,-32.91418],[-71.43786,-32.91612],[-71.44175,-32.91635],[-71.44302,-32.91831],[-71.44288,-32.92268],[-71.44435,-32.92355],[-71.44457,-32.92489],[-71.44589,-32.92605],[-71.44883,-32.92643],[-71.45157,-32.92618],[-71.45358,-32.92722],[-71.45448,-32.92461],[-71.45493,-32.92176],[-71.45622,-32.92078],[-71.45874,-32.92053],[-71.45972,-32.92173],[-71.46214,-32.92266],[-71.46399,-32.92205],[-71.46508,-32.92049],[-71.46671,-32.91958],[-71.47094,-32.92045],[-71.47374,-32.91904],[-71.47786,-32.92034],[-71.47938,-32.92029],[-71.48184,-32.92118],[-71.48498,-32.92154],[-71.48882,-32.92355],[-71.49036,-32.92499],[-71.49299,-32.92377],[-71.49609,-32.92337],[-71.49876,-32.92239],[-71.5025,-32.9226],[-71.50557,-32.9212],[-71.50703,-32.91688],[-71.5077,-32.91601],[-71.50769,-32.91576],[-71.50764,-32.91539],[-71.50788,-32.91392],[-71.50713,-32.91167],[-71.50641,-32.90476],[-71.50644,-32.90158],[-71.50763,-32.89485],[-71.50887,-32.8925],[-71.51278,-32.88921],[-71.51272,-32.88817],[-71.51076,-32.88293],[-71.50996,-32.87888],[-71.51003,-32.87627],[-71.51123,-32.8723],[-71.51335,-32.86704],[-71.51379,-32.86503],[-71.51437,-32.85898],[-71.51438,-32.85644],[-71.51588,-32.84843],[-71.51875,-32.83932],[-71.52062,-32.83429],[-71.5226,-32.8305],[-71.52627,-32.82785],[-71.52891,-32.82772],[-71.52893,-32.82973],[-71.53191,-32.82977],[-71.53269,-32.82846],[-71.53589,-32.8275],[-71.53597,-32.8261],[-71.53833,-32.82603],[-71.54038,-32.82371],[-71.54089,-32.82056],[-71.54338,-32.81577],[-71.54402,-32.81561],[-71.54507,-32.81221],[-71.5465,-32.81118],[-71.54694,-32.80852],[-71.54589,-32.80853],[-71.54671,-32.80479],[-71.5458,-32.80347],[-71.54612,-32.8017],[-71.54448,-32.80022],[-71.54563,-32.79836],[-71.54541,-32.79594],[-71.54598,-32.79449],[-71.54392,-32.7917],[-71.54373,-32.78857],[-71.54292,-32.78678],[-71.54349,-32.78493],[-71.54214,-32.78338],[-71.54017,-32.78352],[-71.53772,-32.78477],[-71.53613,-32.78351],[-71.53343,-32.78287],[-71.53336,-32.7807],[-71.53534,-32.77725],[-71.53896,-32.7746],[-71.5396,-32.77112],[-71.53902,-32.76959],[-71.53745,-32.76828],[-71.53819,-32.76701],[-71.53389,-32.76561],[-71.53334,-32.76705],[-71.53108,-32.76787],[-71.52986,-32.76958],[-71.5282,-32.76958],[-71.52787,-32.77095],[-71.52642,-32.77169],[-71.52718,-32.77456],[-71.52569,-32.77604],[-71.52525,-32.77812],[-71.52648,-32.7794],[-71.52685,-32.78112],[-71.52369,-32.78346],[-71.5186,-32.78442],[-71.51424,-32.78436],[-71.50984,-32.78337],[-71.50828,-32.78213],[-71.50346,-32.78128],[-71.49979,-32.77879],[-71.49484,-32.77466],[-71.4905,-32.77014]]]]}},{"type":"Feature","properties":{"cut":5109,"nombre":"Viña del Mar","provincia":"Valparaíso"},"geometry":{"type":"MultiPolygon","coordinates":[[[[-71.55052,-32.94569],[-71.54728,-32.94525],[-71.54255,-32.94913],[-71.53887,-32.95121],[-71.52141,-32.95611],[-71.5123,-32.95877],[-71.50394,-32.96446],[-71.4957,-32.96907],[-71.49165,-32.97221],[-71.48856,-32.97325],[-71.48013,-32.9771],[-71.47841,-32.97863],[-71.47556,-32.98032],[-71.47579,-32.98319],[-71.47124,-32.98354],[-71.46845,-32.98527],[-71.46643,-32.98483],[-71.46214,-32.98554],[-71.4596,-32.98676],[-71.45804,-32.98837],[-71.4548,-32.99051],[-71.4507,-32.99236],[-71.44879,-32.99381],[-71.44597,-32.99873],[-71.44411,-32.99976],[-71.44276,-33.002],[-71.44318,-33.00367],[-71.44561,-33.00665],[-71.44445,-33.00973],[-71.44524,-33.01143],[-71.44529,-33.01329],[-71.4523,-33.01697],[-71.45141,-33.0198],[-71.45205,-33.02036],[-71.45448,-33.02012],[-71.45688,-33.01864],[-71.45852,-33.0188],[-71.46036,-33.01781],[-71.46314,-33.0179],[-71.46568,-33.01635],[-71.46767,-33.01679],[-71.46948,-33.01656],[-71.4704,-33.02117],[-71.47265,-33.02146],[-71.47488,-33.0233],[-71.47582,-33.02675],[-71.47872,-33.02855],[-71.48043,-33.03273],[-71.48285,-33.03441],[-71.48418,-33.03473],[-71.48434,-33.03554],[-71.48424,-33.03588],[-71.48493,-33.0377],[-71.48471,-33.03992],[-71.48402,-33.04163],[-71.48439,-33.04426],[-71.48477,-33.04475],[-71.48503,-33.04632],[-71.48482,-33.04669],[-71.48467,-33.04883],[-71.48676,-33.0492],[-71.48683,-33.04989],[-71.48718,-33.05267],[-71.48903,-33.05454],[-71.48838,-33.0573],[-71.48691,-33.05963],[-71.48595,-33.06198],[-71.48181,-33.06451],[-71.47789,-33.06494],[-71.47638,-33.06611],[-71.47408,-33.06628],[-71.47128,-33.06571],[-71.47032,-33.06556],[-71.46975,-33.0661],[-71.46983,-33.06627],[-71.47079,-33.06744],[-71.47078,-33.06758],[-71.47099,-33.06868],[-71.47143,-33.07112],[-71.47118,-33.07525],[-71.47204,-33.07712],[-71.47185,-33.08179],[-71.4726,-33.08399],[-71.47528,-33.08629],[-71.4786,-33.08786],[-71.48426,-33.08833],[-71.48517,-33.08789],[-71.48728,-33.08893],[-71.48727,-33.09022],[-71.48997,-33.09345],[-71.49039,-33.09694],[-71.49257,-33.09873],[-71.49339,-33.10148],[-71.49253,-33.10445],[-71.49355,-33.10362],[-71.49663,-33.10241],[-71.49936,-33.10046],[-71.50132,-33.09844],[-71.5025,-33.09641],[-71.50465,-33.09486],[-71.50689,-33.09529],[-71.51066,-33.09869],[-71.51218,-33.09938],[-71.51776,-33.09772],[-71.51919,-33.09771],[-71.52223,-33.09945],[-71.52449,-33.10205],[-71.52772,-33.10306],[-71.52945,-33.10241],[-71.53136,-33.10293],[-71.535,-33.10277],[-71.53679,-33.10391],[-71.54001,-33.10396],[-71.54151,-33.10473],[-71.5438,-33.1045],[-71.54362,-33.1001],[-71.54596,-33.09717],[-71.54525,-33.09602],[-71.543,-33.09461],[-71.54206,-33.09266],[-71.54184,-33.09083],[-71.54181,-33.08958],[-71.54196,-33.0891],[-71.54204,-33.08885],[-71.54276,-33.08766],[-71.54584,-33.08415],[-71.54645,-33.08155],[-71.54693,-33.07961],[-71.54749,-33.07785],[-71.54834,-33.07659],[-71.55286,-33.07226],[-71.55352,-33.07162],[-71.55581,-33.06943],[-71.5568,-33.06732],[-71.55565,-33.06348],[-71.55566,-33.06347],[-71.5557,-33.06333],[-71.55876,-33.05858],[-71.55849,-33.05663],[-71.55776,-33.05375],[-71.55743,-33.05131],[-71.55825,-33.05022],[-71.56196,-33.05129],[-71.56506,-33.05082],[-71.56843,-33.04954],[-71.57017,-33.04961],[-71.57279,-33.04796],[-71.57523,-33.04484],[-71.57575,-33.04326],[-71.5777,-33.04109],[-71.58213,-33.03776],[-71.58145,-33.03512],[-71.58256,-33.03428],[-71.58271,-33.0325],[-71.5833,-33.03212],[-71.58586,-33.02892],[-71.5871,-33.02844],[-71.58574,-33.02553],[-71.5834,-33.02522],[-71.58138,-33.02551],[-71.58036,-33.02681],[-71.5769,-33.02755],[-71.57315,-33.02527],[-71.5713,-33.02469],[-71.56832,-33.02159],[-71.5665,-33.021],[-71.56431,-33.01917],[-71.56309,-33.01952],[-71.55639,-33.01419],[-71.55341,-33.01037],[-71.55132,-33.00592],[-71.54919,-32.99826],[-71.54828,-32.99191],[-71.54949,-32.99058],[-71.54754,-32.99011],[-71.54671,-32.98883],[-71.54673,-32.98694],[-71.5479,-32.98394],[-71.54897,-32.98321],[-71.54834,-32.98129],[-71.54582,-32.97857],[-71.5462,-32.97517],[-71.54545,-32.97347],[-71.54569,-32.96946],[-71.54651,-32.96534],[-71.5479,-32.96042],[-71.54898,-32.95988],[-71.55036,-32.95742],[-71.54899,-32.95589],[-71.5473,-32.95554],[-71.5469,-32.95395],[-71.54738,-32.95185],[-71.54892,-32.94995],[-71.54918,-32.94706],[-71.55052,-32.94569]]]]}},{"type":"Feature","properties":{"cut":5301,"nombre":"Los Andes","provincia":"Los Andes"},"geometry":{"type":"MultiPolygon","coordinates":[[[[-70.5826,-32.85539],[-70.58199,-32.85931],[-70.58929,-32.85751],[-70.58872,-32.85318],[-70.58876,-32.85316],[-70.58888,-32.85316],[-70.58901,-32.85322],[-70.58921,-32.85339],[-70.58963,-32.85363],[-70.59,-32.85376],[-70.59058,-32.85424],[-70.59087,-32.85451],[-70.59115,-32.85457],[-70.59144,-32.85461],[-70.59169,-32.85471],[-70.59198,-32.85484],[-70.59247,-32.85518],[-70.59475,-32.85701],[-70.59529,-32.85749],[-70.59558,-32.85759],[-70.59586,-32.85765],[-70.59615,-32.85765],[-70.59811,-32.85776],[-70.60356,-32.85731],[-70.60479,-32.85503],[-70.60533,-32.85274],[-70.60675,-32.85134],[-70.60562,-32.85017],[-70.60553,-32.84764],[-70.60612,-32.84565],[-70.60715,-32.84575],[-70.61022,-32.84478],[-70.61593,-32.84123],[-70.61849,-32.84083],[-70.61945,-32.83981],[-70.62579,-32.83763],[-70.63237,-32.83693],[-70.63186,-32.83427],[-70.63772,-32.83276],[-70.64132,-32.83096],[-70.65102,-32.82745],[-70.65887,-32.8252],[-70.65916,-32.81864],[-70.65633,-32.81901],[-70.65476,-32.8158],[-70.65305,-32.81539],[-70.64856,-32.81297],[-70.64722,-32.81331],[-70.64425,-32.81176],[-70.64073,-32.80841],[-70.63981,-32.80663],[-70.6376,-32.80538],[-70.63441,-32.80068],[-70.63139,-32.80141],[-70.62648,-32.80569],[-70.62482,-32.8065],[-70.61908,-32.80772],[-70.61766,-32.80834],[-70.6157,-32.81005],[-70.61267,-32.81202],[-70.61006,-32.81313],[-70.60701,-32.81383],[-70.60448,-32.81627],[-70.59426,-32.82389],[-70.59058,-32.82538],[-70.5896,-32.82648],[-70.58668,-32.8325],[-70.58536,-32.8345],[-70.58288,-32.8352],[-70.58201,-32.83467],[-70.58002,-32.83072],[-70.57786,-32.82942],[-70.56989,-32.82616],[-70.56177,-32.82578],[-70.55921,-32.82635],[-70.55611,-32.82624],[-70.55413,-32.82686],[-70.54957,-32.83143],[-70.54917,-32.83288],[-70.54749,-32.83459],[-70.54373,-32.83543],[-70.54213,-32.83489],[-70.53387,-32.83829],[-70.53184,-32.83855],[-70.52932,-32.84069],[-70.52697,-32.84207],[-70.52091,-32.84507],[-70.51922,-32.84725],[-70.51567,-32.84892],[-70.51258,-32.8491],[-70.5101,-32.85034],[-70.50743,-32.85353],[-70.50596,-32.85388],[-70.5034,-32.85318],[-70.50028,-32.85631],[-70.49814,-32.85763],[-70.49063,-32.85787],[-70.48835,-32.85939],[-70.48727,-32.85948],[-70.48594,-32.85703],[-70.48197,-32.85754],[-70.47766,-32.85717],[-70.476,-32.85536],[-70.47377,-32.85393],[-70.47173,-32.85369],[-70.46979,-32.85409],[-70.4666,-32.85407],[-70.46103,-32.8562],[-70.45641,-32.85595],[-70.45253,-32.85653],[-70.44975,-32.85793],[-70.44633,-32.85769],[-70.44363,-32.85852],[-70.4398,-32.85921],[-70.43724,-32.86081],[-70.43255,-32.86124],[-70.43005,-32.86182],[-70.42714,-32.86113],[-70.42456,-32.86361],[-70.42343,-32.86411],[-70.42053,-32.86369],[-70.41751,-32.86399],[-70.41352,-32.86509],[-70.41023,-32.86554],[-70.40751,-32.86805],[-70.40441,-32.86943],[-70.40099,-32.87374],[-70.39742,-32.87536],[-70.39582,-32.87691],[-70.39374,-32.87743],[-70.39116,-32.87978],[-70.38865,-32.88323],[-70.38748,-32.88607],[-70.38608,-32.88639],[-70.38435,-32.88561],[-70.38178,-32.88617],[-70.3803,-32.88714],[-70.38052,-32.89279],[-70.37917,-32.8945],[-70.37742,-32.89559],[-70.37413,-32.89639],[-70.37239,-32.89778],[-70.37081,-32.90127],[-70.36957,-32.90251],[-70.36429,-32.90507],[-70.36418,-32.90675],[-70.36287,-32.91001],[-70.36165,-32.90953],[-70.35747,-32.90582],[-70.35591,-32.90369],[-70.35286,-32.9018],[-70.35089,-32.89956],[-70.348,-32.89748],[-70.34442,-32.89648],[-70.33944,-32.89649],[-70.33808,-32.89574],[-70.33641,-32.89216],[-70.33502,-32.88768],[-70.33193,-32.88345],[-70.33016,-32.88063],[-70.33041,-32.87745],[-70.32913,-32.87655],[-70.32011,-32.8762],[-70.31708,-32.87564],[-70.3112,-32.87245],[-70.30858,-32.86828],[-70.30588,-32.86529],[-70.3028,-32.86352],[-70.30226,-32.86266],[-70.30157,-32.85898],[-70.29913,-32.8568],[-70.29915,-32.85466],[-70.29974,-32.85273],[-70.29849,-32.8498],[-70.29615,-32.84654],[-70.29173,-32.84568],[-70.28874,-32.84247],[-70.28276,-32.83953],[-70.27885,-32.83359],[-70.27907,-32.83106],[-70.27649,-32.82744],[-70.27315,-32.82629],[-70.26921,-32.82633],[-70.26501,-32.82774],[-70.26187,-32.83027],[-70.25707,-32.83191],[-70.25494,-32.83362],[-70.25198,-32.83406],[-70.25063,-32.83333],[-70.2491,-32.83009],[-70.24544,-32.82415],[-70.24431,-32.82132],[-70.24151,-32.81772],[-70.24386,-32.8105],[-70.24234,-32.80793],[-70.23781,-32.80649],[-70.23773,-32.80357],[-70.2363,-32.80159],[-70.23438,-32.80142],[-70.22992,-32.80183],[-70.22487,-32.80199],[-70.22182,-32.80305],[-70.21848,-32.80251],[-70.21669,-32.80175],[-70.21638,-32.80067],[-70.21668,-32.79391],[-70.21596,-32.79254],[-70.2109,-32.78966],[-70.20489,-32.78862],[-70.20097,-32.78875],[-70.19787,-32.78734],[-70.19679,-32.78629],[-70.19477,-32.78286],[-70.19298,-32.78136],[-70.18851,-32.77912],[-70.18413,-32.7778],[-70.18189,-32.77684],[-70.1793,-32.77472],[-70.17699,-32.77375],[-70.17462,-32.77218],[-70.17141,-32.76838],[-70.17105,-32.76643],[-70.16927,-32.76323],[-70.16863,-32.75925],[-70.16907,-32.75729],[-70.16686,-32.75029],[-70.16163,-32.74018],[-70.1577,-32.73408],[-70.15493,-32.73044],[-70.15103,-32.72656],[-70.14773,-32.725],[-70.14618,-32.725],[-70.14747,-32.72658],[-70.14722,-32.72913],[-70.14271,-32.72869],[-70.13733,-32.73198],[-70.13743,-32.73373],[-70.13635,-32.73678],[-70.13697,-32.73909],[-70.13578,-32.74148],[-70.13281,-32.74383],[-70.13166,-32.7456],[-70.13145,-32.75211],[-70.13065,-32.75395],[-70.1324,-32.75579],[-70.13036,-32.7578],[-70.12825,-32.75885],[-70.12703,-32.7612],[-70.12258,-32.76314],[-70.12096,-32.7634],[-70.11853,-32.76573],[-70.1154,-32.76757],[-70.1145,-32.76991],[-70.11312,-32.77158],[-70.11175,-32.77544],[-70.11226,-32.77864],[-70.11122,-32.78066],[-70.11058,-32.78331],[-70.1084,-32.78674],[-70.10856,-32.7898],[-70.10725,-32.79243],[-70.10789,-32.80071],[-70.1067,-32.80125],[-70.10232,-32.80003],[-70.09752,-32.80148],[-70.0935,-32.80122],[-70.09209,-32.80162],[-70.08705,-32.80555],[-70.08576,-32.80771],[-70.08546,-32.80983],[-70.08294,-32.81445],[-70.08237,-32.8179],[-70.08092,-32.81959],[-70.07923,-32.82251],[-70.0783,-32.82327],[-70.07418,-32.82375],[-70.07057,-32.82589],[-70.06745,-32.82652],[-70.06349,-32.82779],[-70.06185,-32.82894],[-70.05553,-32.83158],[-70.05496,-32.8333],[-70.05237,-32.83653],[-70.05234,-32.83748],[-70.0543,-32.83843],[-70.05466,-32.84245],[-70.05454,-32.84629],[-70.05591,-32.84765],[-70.05481,-32.84935],[-70.05462,-32.85101],[-70.0565,-32.85702],[-70.05466,-32.85857],[-70.05154,-32.86214],[-70.04974,-32.86261],[-70.04623,-32.86526],[-70.04409,-32.86839],[-70.03808,-32.87207],[-70.03438,-32.87377],[-70.02931,-32.8752],[-70.02515,-32.87603],[-70.02215,-32.877],[-70.02077,-32.87837],[-70.01799,-32.8797],[-70.0139,-32.88074],[-70.01075,-32.88123],[-70.0054,-32.88119],[-70.00333,-32.88153],[-70.00011,-32.88389],[-69.99349,-32.89209],[-69.992,-32.89338],[-69.98935,-32.8983],[-69.98908,-32.90278],[-69.99021,-32.90533],[-69.99052,-32.90801],[-69.99113,-32.90878],[-69.99136,-32.91193],[-69.99541,-32.91531],[-69.99904,-32.91648],[-69.99985,-32.91842],[-70.00223,-32.92002],[-70.0048,-32.92418],[-70.00427,-32.92706],[-70.0059,-32.92813],[-70.00731,-32.9303],[-70.00765,-32.93172],[-70.0046,-32.93521],[-70.00332,-32.94007],[-70.00002,-32.94411],[-70.00111,-32.94662],[-70.00332,-32.94722],[-70.00651,-32.94971],[-70.00682,-32.95136],[-70.00872,-32.95319],[-70.01324,-32.95502],[-70.01692,-32.95577],[-70.01934,-32.95587],[-70.02029,-32.95643],[-70.02005,-32.95817],[-70.02066,-32.96134],[-70.02029,-32.96294],[-70.02134,-32.96497],[-70.02421,-32.96666],[-70.0258,-32.96865],[-70.02747,-32.9699],[-70.02711,-32.97187],[-70.02523,-32.97343],[-70.02487,-32.97469],[-70.02544,-32.9777],[-70.02431,-32.9793],[-70.02206,-32.98099],[-70.02271,-32.98317],[-70.02146,-32.99217],[-70.02165,-32.99478],[-70.02254,-32.99748],[-70.02008,-33.00342],[-70.01989,-33.00734],[-70.02156,-33.00915],[-70.02588,-33.01086],[-70.0276,-33.01224],[-70.02811,-33.01637],[-70.03046,-33.01934],[-70.0341,-33.02266],[-70.03685,-33.02378],[-70.04257,-33.02329],[-70.0448,-33.02451],[-70.05044,-33.02606],[-70.05261,-33.02898],[-70.05712,-33.02988],[-70.05991,-33.02882],[-70.0649,-33.02874],[-70.06799,-33.02766],[-70.07069,-33.02784],[-70.07381,-33.02903],[-70.07633,-33.0292],[-70.07975,-33.02846],[-70.08129,-33.02874],[-70.08215,-33.03439],[-70.08284,-33.03546],[-70.08483,-33.03668],[-70.0878,-33.03936],[-70.08666,-33.04233],[-70.08552,-33.04319],[-70.08637,-33.04557],[-70.08763,-33.0465],[-70.09174,-33.0477],[-70.09378,-33.05162],[-70.09776,-33.05285],[-70.10157,-33.05253],[-70.10277,-33.05319],[-70.10699,-33.05833],[-70.10843,-33.05957],[-70.11176,-33.06145],[-70.11604,-33.06504],[-70.11612,-33.06705],[-70.11354,-33.07],[-70.11334,-33.0722],[-70.11691,-33.07287],[-70.12429,-33.07525],[-70.12912,-33.07937],[-70.12982,-33.08056],[-70.13044,-33.08425],[-70.13224,-33.08721],[-70.13165,-33.08966],[-70.1324,-33.09075],[-70.13521,-33.09265],[-70.13637,-33.09417],[-70.13877,-33.09443],[-70.14212,-33.09364],[-70.14446,-33.09371],[-70.14647,-33.09499],[-70.14801,-33.09517],[-70.15045,-33.09452],[-70.15226,-33.09582],[-70.1569,-33.09803],[-70.15874,-33.09916],[-70.15875,-33.10036],[-70.15551,-33.105],[-70.15294,-33.10687],[-70.15498,-33.11011],[-70.15587,-33.11312],[-70.16115,-33.11134],[-70.17369,-33.10787],[-70.17721,-33.10673],[-70.17822,-33.10577],[-70.17882,-33.10346],[-70.18119,-33.10238],[-70.18375,-33.10197],[-70.18542,-33.10316],[-70.18626,-33.10622],[-70.1896,-33.10906],[-70.19109,-33.10977],[-70.19391,-33.10991],[-70.19911,-33.11082],[-70.20003,-33.11138],[-70.20121,-33.11463],[-70.20277,-33.11629],[-70.20375,-33.12307],[-70.20514,-33.12469],[-70.20934,-33.12747],[-70.21317,-33.12835],[-70.217,-33.12956],[-70.21775,-33.13051],[-70.22059,-33.13189],[-70.22262,-33.13427],[-70.22406,-33.13526],[-70.22793,-33.13508],[-70.22931,-33.13574],[-70.23192,-33.13907],[-70.23624,-33.14039],[-70.2361,-33.1427],[-70.23219,-33.14422],[-70.23079,-33.1463],[-70.22786,-33.14815],[-70.2269,-33.14926],[-70.22698,-33.1507],[-70.22933,-33.15552],[-70.22975,-33.15738],[-70.23259,-33.16057],[-70.23489,-33.16188],[-70.23804,-33.16305],[-70.23926,-33.16467],[-70.23998,-33.16681],[-70.23998,-33.17036],[-70.23918,-33.17319],[-70.2377,-33.17582],[-70.24124,-33.18101],[-70.24156,-33.1826],[-70.24282,-33.18409],[-70.24416,-33.18756],[-70.24868,-33.18687],[-70.2518,-33.1861],[-70.25422,-33.18511],[-70.25823,-33.18504],[-70.2606,-33.18465],[-70.26419,-33.18344],[-70.26694,-33.18151],[-70.26682,-33.17993],[-70.26546,-33.17627],[-70.26509,-33.17394],[-70.26518,-33.16685],[-70.26787,-33.16428],[-70.26929,-33.16098],[-70.26901,-33.15802],[-70.26935,-33.15645],[-70.27089,-33.15478],[-70.27134,-33.15184],[-70.27109,-33.14964],[-70.27146,-33.14755],[-70.26983,-33.14203],[-70.26968,-33.13548],[-70.27142,-33.13199],[-70.2729,-33.13106],[-70.27869,-33.13138],[-70.28171,-33.13129],[-70.28628,-33.13195],[-70.28796,-33.13184],[-70.29232,-33.12972],[-70.29541,-33.12662],[-70.29702,-33.12312],[-70.29683,-33.12002],[-70.29825,-33.11792],[-70.29816,-33.11621],[-70.30013,-33.1128],[-70.30374,-33.11303],[-70.30743,-33.11066],[-70.30962,-33.10883],[-70.31109,-33.10843],[-70.31388,-33.10966],[-70.31768,-33.10977],[-70.31941,-33.1089],[-70.3206,-33.10569],[-70.3207,-33.1034],[-70.3241,-33.10205],[-70.3295,-33.10208],[-70.33062,-33.10146],[-70.3339,-33.09794],[-70.33669,-33.09678],[-70.33877,-33.09642],[-70.34286,-33.09699],[-70.34336,-33.09894],[-70.3433,-33.10192],[-70.34499,-33.10331],[-70.3483,-33.10394],[-70.35043,-33.10496],[-70.35353,-33.10514],[-70.36135,-33.10697],[-70.3654,-33.1072],[-70.36911,-33.10673],[-70.3715,-33.10572],[-70.37455,-33.10523],[-70.37507,-33.10366],[-70.37719,-33.10236],[-70.37766,-33.09972],[-70.38014,-33.09758],[-70.38048,-33.09625],[-70.38226,-33.09444],[-70.38505,-33.09367],[-70.38697,-33.0903],[-70.38859,-33.08897],[-70.38597,-33.08383],[-70.38643,-33.08287],[-70.38854,-33.08232],[-70.39139,-33.08045],[-70.39338,-33.08081],[-70.39472,-33.08034],[-70.39552,-33.07806],[-70.39472,-33.07552],[-70.39486,-33.07331],[-70.39607,-33.07221],[-70.4009,-33.06909],[-70.40332,-33.06783],[-70.40458,-33.0665],[-70.40661,-33.06598],[-70.40696,-33.06409],[-70.40483,-33.06047],[-70.40221,-33.05726],[-70.40177,-33.05499],[-70.39672,-33.05103],[-70.39656,-33.04939],[-70.39757,-33.0483],[-70.39819,-33.04612],[-70.39936,-33.04451],[-70.40127,-33.04299],[-70.39926,-33.04158],[-70.39884,-33.04027],[-70.39903,-33.03591],[-70.39949,-33.03423],[-70.40212,-33.03236],[-70.40527,-33.03094],[-70.40696,-33.02976],[-70.41658,-33.02511],[-70.42095,-33.02501],[-70.41749,-33.02183],[-70.41476,-33.01832],[-70.41351,-33.01499],[-70.41332,-33.01186],[-70.41385,-33.00981],[-70.41563,-33.00781],[-70.41521,-33.00655],[-70.41287,-33.00463],[-70.41082,-33.00397],[-70.40667,-33.00117],[-70.41797,-32.99236],[-70.42398,-32.98554],[-70.42655,-32.98373],[-70.42938,-32.98244],[-70.43454,-32.97917],[-70.43619,-32.97736],[-70.43984,-32.97241],[-70.44218,-32.97143],[-70.44478,-32.96863],[-70.44953,-32.96564],[-70.45198,-32.9655],[-70.45478,-32.96268],[-70.45694,-32.96155],[-70.45987,-32.96094],[-70.46178,-32.95983],[-70.46289,-32.95829],[-70.4633,-32.95588],[-70.46306,-32.95252],[-70.46326,-32.94964],[-70.46397,-32.94574],[-70.46417,-32.94274],[-70.46582,-32.93856],[-70.46519,-32.93593],[-70.46929,-32.93357],[-70.47151,-32.93114],[-70.47444,-32.92865],[-70.47762,-32.92395],[-70.47865,-32.91949],[-70.47857,-32.91724],[-70.48191,-32.91106],[-70.48347,-32.90955],[-70.4857,-32.90924],[-70.48843,-32.90997],[-70.49071,-32.91131],[-70.49316,-32.91178],[-70.49755,-32.91127],[-70.49915,-32.90953],[-70.50174,-32.9088],[-70.50381,-32.90572],[-70.50501,-32.90467],[-70.50499,-32.90047],[-70.50532,-32.89751],[-70.50602,-32.89578],[-70.50735,-32.89451],[-70.50832,-32.89267],[-70.5076,-32.8888],[-70.50764,-32.88319],[-70.50742,-32.88117],[-70.50881,-32.88039],[-70.51153,-32.88081],[-70.52411,-32.88093],[-70.5296,-32.87993],[-70.53059,-32.87795],[-70.53278,-32.87554],[-70.53289,-32.87304],[-70.53658,-32.87258],[-70.53924,-32.87173],[-70.54085,-32.86933],[-70.5427,-32.86959],[-70.54594,-32.86869],[-70.54802,-32.86756],[-70.55083,-32.86732],[-70.55207,-32.86587],[-70.55418,-32.86561],[-70.55689,-32.86472],[-70.55981,-32.86189],[-70.56461,-32.86097],[-70.5648,-32.85826],[-70.56552,-32.85739],[-70.56827,-32.85645],[-70.5747,-32.85274],[-70.57517,-32.85183],[-70.57512,-32.84932],[-70.57666,-32.84811],[-70.58176,-32.84805],[-70.5826,-32.84578],[-70.5837,-32.84621],[-70.58481,-32.84981],[-70.58284,-32.85088],[-70.58261,-32.85231],[-70.58345,-32.85445],[-70.5826,-32.85539]]]]}},{"type":"Feature","properties":{"cut":5302,"nombre":"Calle Larga","provincia":"Los Andes"},"geometry":{"type":"MultiPolygon","coordinates":[[[[-70.58872,-32.85318],[-70.58929,-32.85751],[-70.58199,-32.85931],[-70.5826,-32.85539],[-70.58343,-32.85446],[-70.5826,-32.85233],[-70.58282,-32.8509],[-70.58479,-32.84982],[-70.58369,-32.84622],[-70.58259,-32.84579],[-70.58175,-32.84806],[-70.57665,-32.84813],[-70.57511,-32.84933],[-70.57516,-32.85184],[-70.57469,-32.85275],[-70.56826,-32.85646],[-70.5655,-32.8574],[-70.56479,-32.85827],[-70.56459,-32.86098],[-70.5598,-32.8619],[-70.55688,-32.86473],[-70.55417,-32.86562],[-70.55206,-32.86588],[-70.55082,-32.86733],[-70.548,-32.86757],[-70.54593,-32.8687],[-70.54269,-32.8696],[-70.54084,-32.86934],[-70.53922,-32.87174],[-70.53656,-32.87259],[-70.53287,-32.87305],[-70.53277,-32.87556],[-70.53058,-32.87796],[-70.52959,-32.87995],[-70.5241,-32.88094],[-70.51152,-32.88082],[-70.5088,-32.8804],[-70.50741,-32.88118],[-70.50762,-32.8832],[-70.50758,-32.88881],[-70.50831,-32.89268],[-70.50734,-32.89452],[-70.50601,-32.8958],[-70.50531,-32.89752],[-70.50498,-32.90048],[-70.505,-32.90468],[-70.5038,-32.90573],[-70.50172,-32.90881],[-70.49913,-32.90954],[-70.49753,-32.91128],[-70.49315,-32.91179],[-70.4907,-32.91132],[-70.48842,-32.90998],[-70.48569,-32.90925],[-70.48345,-32.90956],[-70.48189,-32.91107],[-70.47856,-32.91725],[-70.47864,-32.9195],[-70.47761,-32.92396],[-70.47442,-32.92866],[-70.4715,-32.93115],[-70.46928,-32.93358],[-70.46518,-32.93594],[-70.46581,-32.93857],[-70.46416,-32.94275],[-70.46396,-32.94575],[-70.46325,-32.94965],[-70.46305,-32.95253],[-70.46329,-32.95589],[-70.46287,-32.9583],[-70.46177,-32.95984],[-70.45986,-32.96095],[-70.45693,-32.96156],[-70.45477,-32.96269],[-70.45197,-32.96551],[-70.44952,-32.96565],[-70.44477,-32.96865],[-70.44217,-32.97144],[-70.43983,-32.97242],[-70.43617,-32.97737],[-70.43453,-32.97918],[-70.42937,-32.98245],[-70.42654,-32.98374],[-70.42396,-32.98555],[-70.41796,-32.99237],[-70.40666,-33.00118],[-70.4108,-33.00398],[-70.41285,-33.00464],[-70.41519,-33.00656],[-70.41562,-33.00782],[-70.41384,-33.00982],[-70.41331,-33.01187],[-70.41349,-33.015],[-70.41475,-33.01833],[-70.41748,-33.02185],[-70.42093,-33.02502],[-70.42243,-33.02508],[-70.42467,-33.02156],[-70.42715,-33.021],[-70.4347,-33.0214],[-70.43759,-33.02437],[-70.43862,-33.02643],[-70.44011,-33.02807],[-70.44319,-33.02969],[-70.44575,-33.0327],[-70.44665,-33.03513],[-70.44788,-33.03671],[-70.45114,-33.03812],[-70.4525,-33.03977],[-70.45426,-33.04285],[-70.45736,-33.04499],[-70.46021,-33.04918],[-70.46103,-33.05205],[-70.46229,-33.05345],[-70.46457,-33.05789],[-70.46468,-33.06025],[-70.46589,-33.0629],[-70.46871,-33.06528],[-70.4735,-33.06623],[-70.47669,-33.06739],[-70.47766,-33.06849],[-70.47763,-33.07103],[-70.47818,-33.07248],[-70.47838,-33.07558],[-70.48022,-33.0786],[-70.48228,-33.0811],[-70.48386,-33.08167],[-70.48939,-33.08241],[-70.49494,-33.08496],[-70.4976,-33.08641],[-70.50053,-33.08705],[-70.50213,-33.08694],[-70.5058,-33.08822],[-70.50738,-33.08918],[-70.50913,-33.08919],[-70.51142,-33.08649],[-70.51284,-33.08348],[-70.51473,-33.08272],[-70.51596,-33.08047],[-70.51916,-33.07857],[-70.51969,-33.07565],[-70.5193,-33.074],[-70.52341,-33.06853],[-70.52414,-33.06544],[-70.52514,-33.06436],[-70.52555,-33.06073],[-70.5271,-33.05827],[-70.52756,-33.05547],[-70.52691,-33.05367],[-70.52721,-33.05241],[-70.52921,-33.05077],[-70.5308,-33.05026],[-70.53379,-33.04805],[-70.5356,-33.04747],[-70.53749,-33.04537],[-70.54003,-33.04472],[-70.54322,-33.04252],[-70.54471,-33.04026],[-70.54689,-33.04008],[-70.54986,-33.03924],[-70.55099,-33.03696],[-70.55314,-33.03482],[-70.55347,-33.03328],[-70.55266,-33.03027],[-70.55135,-33.0287],[-70.54996,-33.02596],[-70.54969,-33.02208],[-70.54746,-33.01984],[-70.54687,-33.01805],[-70.54782,-33.01623],[-70.54695,-33.01421],[-70.5498,-33.0118],[-70.54977,-33.01021],[-70.55151,-33.00748],[-70.55437,-33.0065],[-70.55618,-33.00405],[-70.55787,-33.00355],[-70.55763,-32.99862],[-70.55968,-32.99672],[-70.56172,-32.99567],[-70.56497,-32.99262],[-70.56498,-32.99072],[-70.56732,-32.98906],[-70.57154,-32.98789],[-70.57316,-32.98698],[-70.57714,-32.98174],[-70.57824,-32.97901],[-70.58363,-32.97499],[-70.58645,-32.974],[-70.58982,-32.97107],[-70.59227,-32.96997],[-70.59308,-32.96842],[-70.59175,-32.96685],[-70.5913,-32.96455],[-70.59273,-32.96303],[-70.59177,-32.96131],[-70.59192,-32.95937],[-70.5971,-32.95472],[-70.59761,-32.95296],[-70.59591,-32.95176],[-70.59429,-32.94856],[-70.5957,-32.94671],[-70.60031,-32.94432],[-70.60148,-32.9444],[-70.60384,-32.94225],[-70.60759,-32.94263],[-70.60964,-32.9441],[-70.61146,-32.94628],[-70.6116,-32.94788],[-70.61363,-32.95153],[-70.61505,-32.95136],[-70.61594,-32.95009],[-70.61929,-32.9483],[-70.62253,-32.94772],[-70.62386,-32.94881],[-70.62682,-32.94926],[-70.63001,-32.94879],[-70.63374,-32.94751],[-70.63667,-32.94749],[-70.64168,-32.95083],[-70.64365,-32.95126],[-70.64422,-32.9523],[-70.64678,-32.95297],[-70.64888,-32.9526],[-70.65315,-32.95425],[-70.65867,-32.95393],[-70.65983,-32.95346],[-70.65968,-32.95137],[-70.66111,-32.94898],[-70.66023,-32.94638],[-70.65795,-32.94534],[-70.6563,-32.94356],[-70.65856,-32.94181],[-70.65802,-32.94056],[-70.65671,-32.94024],[-70.65494,-32.93608],[-70.65288,-32.93304],[-70.6531,-32.9302],[-70.6519,-32.92622],[-70.6493,-32.92322],[-70.64924,-32.92091],[-70.65052,-32.91939],[-70.65114,-32.91744],[-70.65217,-32.91636],[-70.65547,-32.91473],[-70.65633,-32.9138],[-70.6574,-32.91078],[-70.65842,-32.90914],[-70.66044,-32.90829],[-70.66299,-32.90566],[-70.66502,-32.90493],[-70.66658,-32.90509],[-70.67036,-32.90691],[-70.67252,-32.90725],[-70.67722,-32.90602],[-70.67584,-32.90417],[-70.67546,-32.9021],[-70.67654,-32.89957],[-70.67648,-32.89647],[-70.6747,-32.89568],[-70.67293,-32.89236],[-70.6726,-32.88778],[-70.67403,-32.88402],[-70.67496,-32.88307],[-70.67419,-32.88177],[-70.67349,-32.87737],[-70.67285,-32.87577],[-70.67177,-32.87106],[-70.67081,-32.86885],[-70.67107,-32.86651],[-70.67085,-32.86376],[-70.66934,-32.86134],[-70.66702,-32.85965],[-70.66241,-32.85744],[-70.66082,-32.8552],[-70.66018,-32.85273],[-70.66029,-32.85067],[-70.66144,-32.84839],[-70.66066,-32.84646],[-70.66068,-32.84214],[-70.66105,-32.84034],[-70.66,-32.82955],[-70.65855,-32.82953],[-70.65886,-32.82522],[-70.65101,-32.82747],[-70.64131,-32.83097],[-70.63771,-32.83277],[-70.63185,-32.83428],[-70.63236,-32.83694],[-70.62743,-32.83727],[-70.61945,-32.83981],[-70.61849,-32.84083],[-70.61593,-32.84123],[-70.61022,-32.84478],[-70.60715,-32.84575],[-70.60612,-32.84565],[-70.60553,-32.84764],[-70.60562,-32.85017],[-70.60675,-32.85134],[-70.60533,-32.85274],[-70.60479,-32.85503],[-70.60356,-32.85731],[-70.59811,-32.85776],[-70.59615,-32.85765],[-70.59586,-32.85765],[-70.59558,-32.85759],[-70.59529,-32.85749],[-70.59475,-32.85701],[-70.59247,-32.85518],[-70.59198,-32.85484],[-70.59169,-32.85471],[-70.59144,-32.85461],[-70.59115,-32.85457],[-70.59087,-32.85451],[-70.59058,-32.85424],[-70.59,-32.85376],[-70.58963,-32.85363],[-70.58921,-32.85339],[-70.58901,-32.85322],[-70.58888,-32.85316],[-70.58876,-32.85316],[-70.58872,-32.85318]]]]}},{"type":"Feature","properties":{"cut":5303,"nombre":"Rinconada","provincia":"Los Andes"},"geometry":{"type":"MultiPolygon","coordinates":[[[[-70.65883,-32.82556],[-70.65855,-32.82953],[-70.66,-32.82955],[-70.66105,-32.84034],[-70.66068,-32.84214],[-70.66066,-32.84646],[-70.66144,-32.84839],[-70.66029,-32.85067],[-70.66018,-32.85273],[-70.66082,-32.8552],[-70.66241,-32.85744],[-70.66702,-32.85965],[-70.66934,-32.86134],[-70.67085,-32.86376],[-70.67107,-32.86651],[-70.67081,-32.86885],[-70.67177,-32.87106],[-70.67285,-32.87577],[-70.67349,-32.87737],[-70.67419,-32.88177],[-70.67496,-32.88307],[-70.67402,-32.88402],[-70.6726,-32.88778],[-70.67293,-32.89236],[-70.6747,-32.89568],[-70.67648,-32.89647],[-70.67654,-32.89957],[-70.67546,-32.9021],[-70.67584,-32.90417],[-70.67722,-32.90602],[-70.67252,-32.90725],[-70.67036,-32.90691],[-70.66658,-32.90509],[-70.66502,-32.90493],[-70.66299,-32.90566],[-70.66044,-32.90829],[-70.65842,-32.90914],[-70.6574,-32.91078],[-70.65632,-32.9138],[-70.65547,-32.91473],[-70.65217,-32.91636],[-70.65114,-32.91744],[-70.65052,-32.91939],[-70.64924,-32.92091],[-70.6493,-32.92322],[-70.6519,-32.92622],[-70.6531,-32.9302],[-70.65288,-32.93304],[-70.65494,-32.93608],[-70.65671,-32.94024],[-70.65802,-32.94056],[-70.65856,-32.94181],[-70.6563,-32.94356],[-70.65795,-32.94534],[-70.66023,-32.94638],[-70.66111,-32.94898],[-70.65968,-32.95137],[-70.65955,-32.95364],[-70.66402,-32.95542],[-70.66815,-32.956],[-70.66987,-32.95832],[-70.67401,-32.95968],[-70.6767,-32.95957],[-70.68214,-32.95886],[-70.68448,-32.95833],[-70.68689,-32.95674],[-70.69005,-32.95546],[-70.69181,-32.95544],[-70.69452,-32.95618],[-70.69733,-32.95862],[-70.69834,-32.95882],[-70.70354,-32.95839],[-70.70641,-32.95934],[-70.70778,-32.96053],[-70.71025,-32.95795],[-70.71201,-32.95764],[-70.71357,-32.95592],[-70.71698,-32.95446],[-70.71908,-32.95407],[-70.72,-32.95303],[-70.72134,-32.94973],[-70.72077,-32.94619],[-70.72115,-32.94403],[-70.72085,-32.94149],[-70.72237,-32.938],[-70.72202,-32.93687],[-70.72246,-32.93403],[-70.72369,-32.93239],[-70.72263,-32.92971],[-70.72342,-32.92722],[-70.72601,-32.92648],[-70.72824,-32.92457],[-70.72876,-32.92092],[-70.72995,-32.91765],[-70.7311,-32.91643],[-70.73401,-32.91469],[-70.7349,-32.9134],[-70.73533,-32.90922],[-70.7343,-32.90639],[-70.73519,-32.90033],[-70.73597,-32.89929],[-70.73718,-32.89454],[-70.73763,-32.8905],[-70.74091,-32.88573],[-70.74367,-32.88323],[-70.74772,-32.88111],[-70.7507,-32.88111],[-70.75276,-32.88063],[-70.75359,-32.87964],[-70.75363,-32.87751],[-70.75177,-32.87471],[-70.75164,-32.8735],[-70.75352,-32.87218],[-70.7538,-32.87024],[-70.75353,-32.86561],[-70.75409,-32.86471],[-70.75474,-32.86131],[-70.75672,-32.85913],[-70.75679,-32.85725],[-70.75769,-32.85473],[-70.75868,-32.85373],[-70.76016,-32.84938],[-70.76211,-32.84828],[-70.76172,-32.84497],[-70.76188,-32.84232],[-70.76304,-32.83912],[-70.76136,-32.83617],[-70.7616,-32.83459],[-70.76494,-32.83181],[-70.76678,-32.82583],[-70.76786,-32.82581],[-70.7665,-32.8253],[-70.76404,-32.82314],[-70.76186,-32.82205],[-70.76044,-32.81952],[-70.75744,-32.81691],[-70.75663,-32.81499],[-70.75546,-32.81422],[-70.7544,-32.81204],[-70.75361,-32.80927],[-70.75254,-32.80816],[-70.74894,-32.80547],[-70.74561,-32.80441],[-70.74318,-32.80161],[-70.74131,-32.80069],[-70.73937,-32.80059],[-70.73651,-32.80133],[-70.73369,-32.80129],[-70.72808,-32.80018],[-70.72502,-32.79868],[-70.71982,-32.79366],[-70.71602,-32.79072],[-70.71291,-32.78692],[-70.71196,-32.78821],[-70.71163,-32.79113],[-70.71313,-32.79308],[-70.71131,-32.79458],[-70.71051,-32.7959],[-70.71159,-32.79671],[-70.70969,-32.79879],[-70.70985,-32.79977],[-70.7127,-32.80238],[-70.71273,-32.80431],[-70.71669,-32.80544],[-70.71463,-32.80683],[-70.71456,-32.80935],[-70.71625,-32.8113],[-70.7134,-32.81265],[-70.71168,-32.81403],[-70.7126,-32.81623],[-70.7105,-32.81569],[-70.70714,-32.81573],[-70.7037,-32.81615],[-70.70128,-32.8168],[-70.69864,-32.8156],[-70.6941,-32.81613],[-70.68874,-32.81785],[-70.66216,-32.82479],[-70.65883,-32.82556]]]]}},{"type":"Feature","properties":{"cut":5304,"nombre":"San Esteban","provincia":"Los Andes"},"geometry":{"type":"MultiPolygon","coordinates":[[[[-70.14618,-32.725],[-70.14772,-32.72501],[-70.15102,-32.72657],[-70.15492,-32.73045],[-70.15769,-32.73409],[-70.16162,-32.74019],[-70.16684,-32.7503],[-70.16905,-32.7573],[-70.16862,-32.75926],[-70.16926,-32.76324],[-70.17103,-32.76644],[-70.1714,-32.76839],[-70.1746,-32.77219],[-70.17697,-32.77377],[-70.17929,-32.77473],[-70.18188,-32.77685],[-70.18412,-32.77781],[-70.18849,-32.77913],[-70.19296,-32.78137],[-70.19475,-32.78287],[-70.19678,-32.78631],[-70.19786,-32.78735],[-70.20096,-32.78876],[-70.20488,-32.78863],[-70.21089,-32.78967],[-70.21595,-32.79255],[-70.21667,-32.79392],[-70.21637,-32.80068],[-70.21668,-32.80176],[-70.21847,-32.80253],[-70.22181,-32.80306],[-70.22486,-32.802],[-70.2299,-32.80184],[-70.23436,-32.80143],[-70.23628,-32.8016],[-70.23772,-32.80358],[-70.23779,-32.8065],[-70.24233,-32.80794],[-70.24384,-32.81051],[-70.2415,-32.81773],[-70.2443,-32.82133],[-70.24543,-32.82417],[-70.24909,-32.8301],[-70.25062,-32.83334],[-70.25196,-32.83407],[-70.25493,-32.83363],[-70.25706,-32.83192],[-70.26186,-32.83028],[-70.265,-32.82775],[-70.2692,-32.82634],[-70.27313,-32.8263],[-70.27648,-32.82746],[-70.27905,-32.83107],[-70.27884,-32.8336],[-70.28275,-32.83954],[-70.28873,-32.84248],[-70.29172,-32.84569],[-70.29613,-32.84655],[-70.29848,-32.84981],[-70.29972,-32.85274],[-70.29914,-32.85467],[-70.29912,-32.85681],[-70.30156,-32.85899],[-70.30224,-32.86267],[-70.30279,-32.86353],[-70.30587,-32.8653],[-70.30857,-32.86829],[-70.31118,-32.87246],[-70.31707,-32.87566],[-70.3201,-32.87621],[-70.32912,-32.87656],[-70.3304,-32.87746],[-70.33015,-32.88064],[-70.33191,-32.88346],[-70.33501,-32.88769],[-70.33639,-32.89217],[-70.33807,-32.89575],[-70.33943,-32.8965],[-70.34441,-32.89649],[-70.34798,-32.8975],[-70.35088,-32.89957],[-70.35284,-32.90181],[-70.3559,-32.90371],[-70.35745,-32.90583],[-70.36163,-32.90954],[-70.36286,-32.91002],[-70.36416,-32.90676],[-70.36427,-32.90508],[-70.36955,-32.90252],[-70.3708,-32.90128],[-70.37238,-32.89779],[-70.37412,-32.8964],[-70.37741,-32.8956],[-70.37916,-32.89451],[-70.38051,-32.8928],[-70.38029,-32.88715],[-70.38177,-32.88618],[-70.38434,-32.88562],[-70.38607,-32.8864],[-70.38746,-32.88608],[-70.38864,-32.88324],[-70.39114,-32.8798],[-70.39373,-32.87744],[-70.3958,-32.87692],[-70.39741,-32.87537],[-70.40098,-32.87375],[-70.40439,-32.86944],[-70.40749,-32.86807],[-70.41021,-32.86555],[-70.41351,-32.8651],[-70.41749,-32.864],[-70.42052,-32.8637],[-70.42342,-32.86413],[-70.42454,-32.86362],[-70.42713,-32.86114],[-70.43003,-32.86184],[-70.43253,-32.86125],[-70.43723,-32.86082],[-70.43978,-32.85922],[-70.44362,-32.85853],[-70.44632,-32.8577],[-70.44974,-32.85794],[-70.45252,-32.85654],[-70.4564,-32.85596],[-70.46101,-32.85621],[-70.46659,-32.85408],[-70.46978,-32.8541],[-70.47171,-32.8537],[-70.47375,-32.85394],[-70.47599,-32.85537],[-70.47765,-32.85718],[-70.48195,-32.85755],[-70.48592,-32.85704],[-70.48725,-32.85949],[-70.48834,-32.8594],[-70.49062,-32.85788],[-70.49812,-32.85764],[-70.50027,-32.85632],[-70.50339,-32.85319],[-70.50595,-32.85389],[-70.50742,-32.85354],[-70.51009,-32.85035],[-70.51257,-32.84911],[-70.51565,-32.84893],[-70.5192,-32.84726],[-70.5209,-32.84508],[-70.52696,-32.84208],[-70.52931,-32.8407],[-70.53183,-32.83856],[-70.53386,-32.8383],[-70.54212,-32.8349],[-70.54372,-32.83544],[-70.54748,-32.8346],[-70.54916,-32.83289],[-70.54956,-32.83144],[-70.55411,-32.82688],[-70.5561,-32.82625],[-70.5592,-32.82636],[-70.56175,-32.82579],[-70.56988,-32.82617],[-70.57785,-32.82944],[-70.58001,-32.83073],[-70.582,-32.83468],[-70.58287,-32.83521],[-70.58535,-32.83451],[-70.58667,-32.83251],[-70.58959,-32.82649],[-70.59056,-32.82539],[-70.59424,-32.8239],[-70.60447,-32.81628],[-70.60706,-32.81383],[-70.60717,-32.8124],[-70.6056,-32.8107],[-70.60571,-32.80818],[-70.60664,-32.80613],[-70.60643,-32.80311],[-70.60729,-32.80104],[-70.60684,-32.79551],[-70.60722,-32.79407],[-70.60844,-32.79326],[-70.60908,-32.79006],[-70.61055,-32.78753],[-70.60687,-32.78265],[-70.60211,-32.77558],[-70.60794,-32.77324],[-70.60709,-32.77116],[-70.60799,-32.77091],[-70.61203,-32.76796],[-70.60839,-32.76043],[-70.60683,-32.75443],[-70.60718,-32.75026],[-70.6081,-32.74649],[-70.60821,-32.74414],[-70.60723,-32.74122],[-70.60686,-32.73751],[-70.60628,-32.73563],[-70.6091,-32.73344],[-70.6124,-32.73275],[-70.61263,-32.72857],[-70.61371,-32.72558],[-70.6125,-32.72379],[-70.60998,-32.72341],[-70.60664,-32.72221],[-70.60258,-32.72013],[-70.5991,-32.71537],[-70.59503,-32.7124],[-70.5926,-32.71122],[-70.59116,-32.70984],[-70.59141,-32.70715],[-70.59004,-32.70423],[-70.58692,-32.70223],[-70.58308,-32.70118],[-70.57708,-32.69995],[-70.5752,-32.69881],[-70.57223,-32.69805],[-70.57238,-32.69643],[-70.57118,-32.69525],[-70.5713,-32.69357],[-70.57211,-32.69214],[-70.57231,-32.6892],[-70.57174,-32.68789],[-70.57165,-32.68509],[-70.57008,-32.6841],[-70.56587,-32.68318],[-70.56513,-32.67844],[-70.56933,-32.67295],[-70.5717,-32.67192],[-70.57145,-32.66885],[-70.57327,-32.66798],[-70.57327,-32.66541],[-70.57277,-32.66229],[-70.57311,-32.66006],[-70.57649,-32.65944],[-70.5773,-32.65725],[-70.57532,-32.65511],[-70.57433,-32.65235],[-70.5753,-32.65113],[-70.57536,-32.64917],[-70.57295,-32.64527],[-70.57065,-32.64287],[-70.57082,-32.63992],[-70.5691,-32.63959],[-70.56806,-32.63841],[-70.56674,-32.63488],[-70.55922,-32.63352],[-70.55448,-32.63171],[-70.55046,-32.6315],[-70.54398,-32.62832],[-70.53822,-32.62794],[-70.53401,-32.62636],[-70.52856,-32.62059],[-70.52523,-32.61657],[-70.52255,-32.61399],[-70.51844,-32.60863],[-70.51752,-32.6077],[-70.51405,-32.6053],[-70.51366,-32.60222],[-70.51263,-32.60137],[-70.51014,-32.60052],[-70.50634,-32.59979],[-70.5048,-32.60016],[-70.49383,-32.59803],[-70.4926,-32.59743],[-70.48775,-32.59313],[-70.48709,-32.59311],[-70.48529,-32.59606],[-70.48256,-32.59835],[-70.47883,-32.59855],[-70.47541,-32.59826],[-70.47151,-32.59909],[-70.46926,-32.59883],[-70.46704,-32.59802],[-70.46621,-32.59702],[-70.46324,-32.59491],[-70.45819,-32.59483],[-70.45032,-32.59639],[-70.44852,-32.5972],[-70.44759,-32.59903],[-70.44373,-32.6015],[-70.44088,-32.60278],[-70.43952,-32.60287],[-70.4377,-32.60175],[-70.43795,-32.59973],[-70.4374,-32.59813],[-70.43616,-32.59769],[-70.42594,-32.5976],[-70.42549,-32.59571],[-70.42376,-32.593],[-70.42115,-32.59116],[-70.41888,-32.58806],[-70.41689,-32.58655],[-70.41329,-32.58492],[-70.41151,-32.585],[-70.4086,-32.58688],[-70.40582,-32.58914],[-70.40417,-32.58949],[-70.40129,-32.58916],[-70.40093,-32.59417],[-70.39833,-32.59694],[-70.39645,-32.60079],[-70.3905,-32.6052],[-70.38876,-32.60555],[-70.38687,-32.60167],[-70.3851,-32.59964],[-70.38121,-32.59773],[-70.38087,-32.59615],[-70.37648,-32.59247],[-70.37371,-32.59087],[-70.36952,-32.59003],[-70.36804,-32.5889],[-70.36489,-32.58784],[-70.36216,-32.58471],[-70.35722,-32.58352],[-70.35656,-32.58303],[-70.35327,-32.57682],[-70.35115,-32.57218],[-70.34796,-32.56925],[-70.34778,-32.56693],[-70.34589,-32.56484],[-70.34366,-32.56331],[-70.34323,-32.56024],[-70.34182,-32.55647],[-70.34176,-32.55142],[-70.3402,-32.54909],[-70.33883,-32.54788],[-70.33509,-32.5459],[-70.3342,-32.54463],[-70.33445,-32.54274],[-70.33752,-32.53892],[-70.33604,-32.53756],[-70.33171,-32.53468],[-70.32952,-32.53115],[-70.33046,-32.52768],[-70.32923,-32.52295],[-70.32869,-32.52227],[-70.32609,-32.52147],[-70.3236,-32.51944],[-70.3214,-32.51866],[-70.31789,-32.51237],[-70.31611,-32.50996],[-70.31596,-32.50726],[-70.31391,-32.50375],[-70.31408,-32.498],[-70.31294,-32.49246],[-70.31101,-32.48824],[-70.30893,-32.48621],[-70.30467,-32.48263],[-70.30048,-32.47758],[-70.29802,-32.47628],[-70.29291,-32.47466],[-70.28843,-32.4739],[-70.27943,-32.47285],[-70.27522,-32.4735],[-70.27038,-32.47609],[-70.26708,-32.47635],[-70.25871,-32.4749],[-70.25678,-32.47385],[-70.24923,-32.46403],[-70.24716,-32.46014],[-70.23992,-32.45677],[-70.23402,-32.45558],[-70.23355,-32.45411],[-70.23396,-32.45044],[-70.23577,-32.44898],[-70.23666,-32.44758],[-70.23795,-32.44235],[-70.23475,-32.44061],[-70.23383,-32.43959],[-70.23133,-32.4334],[-70.22867,-32.43037],[-70.22566,-32.4308],[-70.21961,-32.42906],[-70.21761,-32.42966],[-70.21441,-32.43602],[-70.21353,-32.43903],[-70.20782,-32.44193],[-70.20384,-32.44133],[-70.20042,-32.44181],[-70.19812,-32.44341],[-70.19516,-32.44843],[-70.19317,-32.45002],[-70.1915,-32.44972],[-70.18592,-32.4499],[-70.18356,-32.44976],[-70.17921,-32.45185],[-70.17269,-32.45319],[-70.17104,-32.45406],[-70.1653,-32.45539],[-70.16285,-32.4582],[-70.1625,-32.46001],[-70.16136,-32.46121],[-70.15897,-32.4626],[-70.15681,-32.46305],[-70.15314,-32.46278],[-70.15048,-32.46437],[-70.14873,-32.46592],[-70.14824,-32.46783],[-70.14949,-32.47],[-70.14709,-32.47334],[-70.14555,-32.47462],[-70.14513,-32.478],[-70.14414,-32.48064],[-70.14206,-32.4824],[-70.14139,-32.48475],[-70.13944,-32.48622],[-70.13582,-32.48711],[-70.13502,-32.48797],[-70.13505,-32.49062],[-70.13935,-32.49503],[-70.14027,-32.49664],[-70.14062,-32.50023],[-70.14013,-32.50152],[-70.13824,-32.50316],[-70.13696,-32.5059],[-70.1335,-32.51123],[-70.13338,-32.51359],[-70.13231,-32.5171],[-70.13044,-32.52096],[-70.12943,-32.52522],[-70.12835,-32.5268],[-70.12583,-32.53165],[-70.12415,-32.53404],[-70.12307,-32.53728],[-70.12314,-32.53905],[-70.12402,-32.54088],[-70.12359,-32.54501],[-70.12613,-32.54713],[-70.12599,-32.549],[-70.1279,-32.55294],[-70.12782,-32.55363],[-70.12565,-32.5553],[-70.12587,-32.55818],[-70.12777,-32.56112],[-70.1281,-32.56385],[-70.12763,-32.56676],[-70.12644,-32.57037],[-70.12614,-32.57501],[-70.12727,-32.5764],[-70.12944,-32.57736],[-70.13602,-32.57742],[-70.14056,-32.57997],[-70.14456,-32.5803],[-70.14589,-32.58192],[-70.14881,-32.58065],[-70.15172,-32.58327],[-70.15389,-32.58693],[-70.15668,-32.58909],[-70.15828,-32.59143],[-70.16054,-32.59385],[-70.16309,-32.59849],[-70.16349,-32.60424],[-70.16553,-32.60735],[-70.1657,-32.61243],[-70.16519,-32.61466],[-70.16549,-32.61627],[-70.16683,-32.61752],[-70.17105,-32.61961],[-70.17212,-32.62194],[-70.17113,-32.62411],[-70.16962,-32.62571],[-70.16438,-32.62633],[-70.16186,-32.62818],[-70.1585,-32.62922],[-70.15433,-32.63254],[-70.15083,-32.6371],[-70.15098,-32.64127],[-70.15212,-32.64477],[-70.15008,-32.64662],[-70.14815,-32.64764],[-70.14598,-32.65212],[-70.14676,-32.65381],[-70.14934,-32.6563],[-70.14665,-32.65913],[-70.14641,-32.66191],[-70.14566,-32.66424],[-70.14561,-32.67036],[-70.14611,-32.67431],[-70.14274,-32.67879],[-70.14306,-32.6891],[-70.14273,-32.69369],[-70.14485,-32.69781],[-70.14563,-32.70403],[-70.14646,-32.70657],[-70.14375,-32.71101],[-70.14454,-32.71354],[-70.144,-32.71579],[-70.14413,-32.71802],[-70.14504,-32.72113],[-70.14513,-32.72505],[-70.14618,-32.725]]]]}},{"type":"Feature","properties":{"cut":5401,"nombre":"La Ligua","provincia":"Petorca"},"geometry":{"type":"MultiPolygon","coordinates":[[[[-71.54152,-32.17736],[-71.5406,-32.1779],[-71.54043,-32.17809],[-71.5369,-32.17782],[-71.53288,-32.17866],[-71.53055,-32.17962],[-71.52596,-32.18004],[-71.52168,-32.18132],[-71.51994,-32.18136],[-71.51734,-32.18055],[-71.51425,-32.17856],[-71.512,-32.17837],[-71.50848,-32.18082],[-71.50658,-32.18115],[-71.50321,-32.18093],[-71.50155,-32.17996],[-71.50033,-32.17822],[-71.49989,-32.17646],[-71.49796,-32.17495],[-71.49793,-32.17361],[-71.49495,-32.16937],[-71.49468,-32.16757],[-71.495,-32.16484],[-71.49479,-32.16243],[-71.49228,-32.15886],[-71.49121,-32.15869],[-71.48944,-32.15963],[-71.4868,-32.15944],[-71.48403,-32.15859],[-71.4777,-32.15504],[-71.47584,-32.15665],[-71.47479,-32.15944],[-71.47339,-32.16161],[-71.47171,-32.16277],[-71.46915,-32.16334],[-71.46794,-32.16418],[-71.46698,-32.16606],[-71.46577,-32.16689],[-71.46033,-32.16705],[-71.45896,-32.16822],[-71.45521,-32.16882],[-71.45386,-32.17056],[-71.45012,-32.17125],[-71.44693,-32.17043],[-71.44432,-32.17158],[-71.44137,-32.1745],[-71.4385,-32.17408],[-71.43775,-32.17552],[-71.43511,-32.17768],[-71.4347,-32.18098],[-71.43021,-32.18326],[-71.42252,-32.18639],[-71.4167,-32.18683],[-71.41377,-32.18651],[-71.4121,-32.18702],[-71.40993,-32.18963],[-71.40727,-32.18906],[-71.40399,-32.1891],[-71.4016,-32.18977],[-71.39654,-32.18958],[-71.39459,-32.19024],[-71.39053,-32.18945],[-71.38769,-32.19018],[-71.38535,-32.1928],[-71.38374,-32.19354],[-71.38102,-32.19371],[-71.37818,-32.19463],[-71.37691,-32.19556],[-71.37507,-32.19578],[-71.37271,-32.19797],[-71.37202,-32.19951],[-71.3703,-32.20017],[-71.36619,-32.19981],[-71.36319,-32.20092],[-71.36182,-32.1998],[-71.35759,-32.1979],[-71.35534,-32.19775],[-71.35307,-32.19894],[-71.35002,-32.19837],[-71.34792,-32.1997],[-71.34372,-32.19988],[-71.34281,-32.20171],[-71.34104,-32.20279],[-71.33734,-32.20276],[-71.33584,-32.20126],[-71.33439,-32.20064],[-71.33057,-32.20052],[-71.32824,-32.19918],[-71.32417,-32.19802],[-71.32006,-32.19547],[-71.31599,-32.19206],[-71.31356,-32.19144],[-71.3112,-32.19031],[-71.30791,-32.19118],[-71.30354,-32.19131],[-71.3009,-32.19102],[-71.29666,-32.19229],[-71.29391,-32.19239],[-71.29059,-32.19183],[-71.286,-32.18898],[-71.28584,-32.18721],[-71.28671,-32.18586],[-71.28689,-32.18176],[-71.28659,-32.18119],[-71.28278,-32.17906],[-71.2798,-32.17888],[-71.279,-32.17841],[-71.27846,-32.17824],[-71.27595,-32.17885],[-71.27304,-32.17823],[-71.27153,-32.17696],[-71.27058,-32.17533],[-71.26897,-32.17444],[-71.26786,-32.17297],[-71.26706,-32.17071],[-71.26382,-32.17043],[-71.26141,-32.16941],[-71.25756,-32.17228],[-71.25488,-32.17151],[-71.25287,-32.16898],[-71.25284,-32.16611],[-71.25237,-32.16504],[-71.25069,-32.16385],[-71.25,-32.16246],[-71.25007,-32.15853],[-71.25082,-32.15776],[-71.25021,-32.15525],[-71.24695,-32.15273],[-71.24683,-32.15006],[-71.24432,-32.14856],[-71.24302,-32.14701],[-71.24103,-32.14356],[-71.23884,-32.14126],[-71.23573,-32.14022],[-71.23509,-32.13811],[-71.23245,-32.13806],[-71.22945,-32.13659],[-71.22663,-32.13597],[-71.22593,-32.13278],[-71.22461,-32.13118],[-71.22243,-32.12754],[-71.22083,-32.12733],[-71.21877,-32.12844],[-71.21716,-32.12791],[-71.21155,-32.12791],[-71.20936,-32.13071],[-71.20757,-32.13088],[-71.20614,-32.13205],[-71.20342,-32.13301],[-71.20233,-32.13427],[-71.20244,-32.13909],[-71.19603,-32.14395],[-71.19398,-32.14766],[-71.19359,-32.14957],[-71.19137,-32.15129],[-71.1917,-32.1534],[-71.19117,-32.1542],[-71.19065,-32.15814],[-71.18801,-32.1602],[-71.18723,-32.16452],[-71.18435,-32.16736],[-71.18243,-32.16996],[-71.18197,-32.1712],[-71.18106,-32.17511],[-71.18069,-32.17845],[-71.18092,-32.18049],[-71.18264,-32.18569],[-71.18179,-32.19108],[-71.18041,-32.193],[-71.1803,-32.19596],[-71.1787,-32.19955],[-71.17732,-32.20146],[-71.17648,-32.2036],[-71.17459,-32.20674],[-71.17243,-32.20966],[-71.16797,-32.21333],[-71.16575,-32.21731],[-71.16502,-32.22043],[-71.16267,-32.22259],[-71.16132,-32.22614],[-71.16082,-32.231],[-71.16114,-32.23349],[-71.16241,-32.237],[-71.16489,-32.24116],[-71.16516,-32.24498],[-71.16669,-32.24942],[-71.17141,-32.25305],[-71.1719,-32.25471],[-71.17109,-32.25806],[-71.17172,-32.26229],[-71.17014,-32.26327],[-71.16814,-32.26542],[-71.16746,-32.26687],[-71.1675,-32.2721],[-71.16725,-32.27309],[-71.1649,-32.27541],[-71.16379,-32.27724],[-71.16099,-32.27987],[-71.15704,-32.28626],[-71.15657,-32.28892],[-71.1568,-32.29119],[-71.15603,-32.29272],[-71.15618,-32.29514],[-71.15747,-32.30042],[-71.1539,-32.30071],[-71.14951,-32.2998],[-71.14651,-32.30122],[-71.14469,-32.30341],[-71.14168,-32.30437],[-71.13976,-32.30614],[-71.1386,-32.30639],[-71.13379,-32.31056],[-71.13276,-32.31202],[-71.13248,-32.31521],[-71.12957,-32.32071],[-71.12801,-32.32256],[-71.12761,-32.3248],[-71.12487,-32.32947],[-71.12283,-32.33011],[-71.11819,-32.33382],[-71.11592,-32.33614],[-71.11413,-32.3398],[-71.11445,-32.34192],[-71.1131,-32.34528],[-71.11021,-32.34782],[-71.10729,-32.34893],[-71.10414,-32.35164],[-71.10475,-32.35504],[-71.10461,-32.35656],[-71.10578,-32.36078],[-71.10497,-32.36576],[-71.1072,-32.36898],[-71.10865,-32.37045],[-71.10917,-32.37315],[-71.1085,-32.3742],[-71.10795,-32.37888],[-71.10799,-32.38186],[-71.10889,-32.38778],[-71.10953,-32.38996],[-71.11009,-32.39393],[-71.1098,-32.39675],[-71.10824,-32.39803],[-71.10765,-32.40097],[-71.11108,-32.40261],[-71.11078,-32.40365],[-71.10769,-32.40328],[-71.10578,-32.40172],[-71.10348,-32.40202],[-71.10317,-32.40388],[-71.10093,-32.40906],[-71.09595,-32.41219],[-71.09394,-32.41548],[-71.09371,-32.41778],[-71.09423,-32.42039],[-71.09747,-32.42144],[-71.10314,-32.42212],[-71.10764,-32.42521],[-71.11398,-32.42778],[-71.12344,-32.43288],[-71.12932,-32.43755],[-71.13142,-32.43835],[-71.13441,-32.43888],[-71.13687,-32.44291],[-71.13638,-32.44492],[-71.13899,-32.44746],[-71.1395,-32.45021],[-71.13892,-32.45166],[-71.1401,-32.45434],[-71.14316,-32.45672],[-71.14195,-32.46044],[-71.14032,-32.46222],[-71.14047,-32.46437],[-71.14216,-32.46769],[-71.14231,-32.47014],[-71.14318,-32.4722],[-71.14301,-32.47436],[-71.14045,-32.47718],[-71.1427,-32.47888],[-71.1417,-32.48076],[-71.1407,-32.48131],[-71.14163,-32.48423],[-71.13977,-32.49108],[-71.13681,-32.49435],[-71.132,-32.49709],[-71.12993,-32.49882],[-71.12692,-32.50066],[-71.12576,-32.50299],[-71.12723,-32.5057],[-71.12896,-32.50707],[-71.12953,-32.50874],[-71.12881,-32.51186],[-71.12668,-32.514],[-71.12635,-32.51657],[-71.12333,-32.51892],[-71.11817,-32.52067],[-71.11477,-32.52126],[-71.11156,-32.52147],[-71.10915,-32.52111],[-71.10591,-32.52116],[-71.1041,-32.52171],[-71.1012,-32.52347],[-71.09585,-32.52434],[-71.08723,-32.52826],[-71.08465,-32.53044],[-71.08155,-32.5323],[-71.07699,-32.53667],[-71.07569,-32.53755],[-71.07225,-32.53743],[-71.06648,-32.54216],[-71.06,-32.54244],[-71.05701,-32.5448],[-71.05548,-32.54852],[-71.05349,-32.55027],[-71.04671,-32.5518],[-71.04603,-32.55266],[-71.04672,-32.55574],[-71.0461,-32.55953],[-71.04624,-32.56116],[-71.04757,-32.56165],[-71.05061,-32.56186],[-71.05135,-32.56331],[-71.04935,-32.56428],[-71.04756,-32.56594],[-71.04711,-32.56818],[-71.04829,-32.57134],[-71.04924,-32.57278],[-71.05405,-32.57502],[-71.05908,-32.57769],[-71.05911,-32.57889],[-71.05783,-32.58097],[-71.05748,-32.58584],[-71.05855,-32.58814],[-71.06187,-32.59258],[-71.06499,-32.59506],[-71.06788,-32.59361],[-71.06911,-32.59345],[-71.07471,-32.59478],[-71.07721,-32.59601],[-71.07857,-32.59968],[-71.07865,-32.60144],[-71.07794,-32.60346],[-71.07664,-32.60525],[-71.07706,-32.60767],[-71.07818,-32.60871],[-71.08026,-32.6125],[-71.08015,-32.61497],[-71.08101,-32.61726],[-71.08334,-32.61803],[-71.08802,-32.62096],[-71.08963,-32.621],[-71.09238,-32.6194],[-71.09526,-32.61913],[-71.09971,-32.62008],[-71.1055,-32.62009],[-71.1085,-32.61718],[-71.11007,-32.61678],[-71.11294,-32.61818],[-71.11748,-32.61906],[-71.11913,-32.61968],[-71.12169,-32.61705],[-71.12185,-32.61474],[-71.12271,-32.61426],[-71.12882,-32.61453],[-71.13216,-32.61281],[-71.13629,-32.61219],[-71.1379,-32.61105],[-71.14073,-32.61101],[-71.14156,-32.60924],[-71.14655,-32.60343],[-71.14947,-32.60264],[-71.15397,-32.59934],[-71.15642,-32.59671],[-71.15733,-32.59393],[-71.15936,-32.59195],[-71.16171,-32.59129],[-71.16624,-32.59161],[-71.17035,-32.59374],[-71.17215,-32.59396],[-71.17303,-32.59664],[-71.17403,-32.59746],[-71.17998,-32.59767],[-71.1826,-32.59827],[-71.18514,-32.60004],[-71.1891,-32.60105],[-71.19504,-32.60462],[-71.19945,-32.60479],[-71.20112,-32.60427],[-71.2034,-32.59891],[-71.2032,-32.59572],[-71.20421,-32.59448],[-71.20753,-32.59246],[-71.20715,-32.58898],[-71.20741,-32.58751],[-71.20902,-32.58588],[-71.21018,-32.5838],[-71.21222,-32.58195],[-71.21391,-32.57731],[-71.21698,-32.57375],[-71.2194,-32.56855],[-71.22063,-32.56696],[-71.22302,-32.56486],[-71.22611,-32.56102],[-71.22665,-32.55854],[-71.22837,-32.55782],[-71.22941,-32.55515],[-71.23066,-32.55405],[-71.23554,-32.55234],[-71.2367,-32.54911],[-71.23822,-32.54712],[-71.24017,-32.54625],[-71.24185,-32.54411],[-71.24601,-32.54019],[-71.24996,-32.5359],[-71.25203,-32.53291],[-71.26278,-32.52752],[-71.26845,-32.52516],[-71.2883,-32.51523],[-71.29124,-32.51368],[-71.29306,-32.51212],[-71.29318,-32.51031],[-71.2915,-32.50713],[-71.29205,-32.50563],[-71.29568,-32.50412],[-71.29698,-32.5027],[-71.29767,-32.50039],[-71.3009,-32.49796],[-71.30072,-32.49537],[-71.30006,-32.49386],[-71.29821,-32.49201],[-71.29916,-32.48859],[-71.30205,-32.48531],[-71.30433,-32.48366],[-71.30444,-32.47861],[-71.3053,-32.47672],[-71.30749,-32.47511],[-71.30841,-32.47384],[-71.31222,-32.47149],[-71.3143,-32.47139],[-71.31627,-32.47024],[-71.3202,-32.46671],[-71.31966,-32.46214],[-71.32187,-32.45899],[-71.32404,-32.45484],[-71.32404,-32.45272],[-71.32239,-32.44723],[-71.32257,-32.44541],[-71.32119,-32.44169],[-71.31973,-32.4424],[-71.31679,-32.4462],[-71.31311,-32.44698],[-71.30788,-32.44731],[-71.30007,-32.44621],[-71.29659,-32.44476],[-71.29283,-32.44383],[-71.28931,-32.44451],[-71.28747,-32.44372],[-71.28422,-32.44127],[-71.28453,-32.4412],[-71.28855,-32.44085],[-71.29137,-32.43965],[-71.29398,-32.43765],[-71.29839,-32.43567],[-71.30038,-32.43545],[-71.30386,-32.43666],[-71.30511,-32.43393],[-71.30585,-32.43],[-71.30842,-32.42693],[-71.315,-32.41794],[-71.31832,-32.41369],[-71.31936,-32.41122],[-71.32129,-32.40836],[-71.32224,-32.40623],[-71.32551,-32.40344],[-71.33388,-32.40883],[-71.33811,-32.41105],[-71.34118,-32.41297],[-71.34287,-32.41471],[-71.34601,-32.41171],[-71.34836,-32.40992],[-71.37012,-32.40218],[-71.37128,-32.40296],[-71.37554,-32.40406],[-71.37982,-32.40612],[-71.38193,-32.40479],[-71.38469,-32.40426],[-71.39084,-32.40538],[-71.39999,-32.40469],[-71.40411,-32.40396],[-71.40756,-32.40415],[-71.40694,-32.40203],[-71.40673,-32.39715],[-71.40753,-32.39303],[-71.41009,-32.38708],[-71.41374,-32.38118],[-71.41939,-32.37385],[-71.42062,-32.37252],[-71.42596,-32.36554],[-71.42836,-32.36322],[-71.43148,-32.36222],[-71.43309,-32.36226],[-71.43372,-32.36335],[-71.43537,-32.36309],[-71.43671,-32.36369],[-71.4376,-32.3626],[-71.43688,-32.36113],[-71.43837,-32.36028],[-71.43845,-32.35814],[-71.44164,-32.35631],[-71.44159,-32.35417],[-71.44227,-32.35263],[-71.44542,-32.34929],[-71.45014,-32.3448],[-71.45285,-32.3434],[-71.45692,-32.34275],[-71.45974,-32.34373],[-71.45975,-32.34521],[-71.46113,-32.3465],[-71.46237,-32.34495],[-71.46397,-32.34434],[-71.46516,-32.34482],[-71.46664,-32.3442],[-71.4689,-32.34634],[-71.47087,-32.34501],[-71.47017,-32.34293],[-71.47091,-32.34092],[-71.47279,-32.34035],[-71.47377,-32.33654],[-71.47471,-32.33521],[-71.47446,-32.33292],[-71.47325,-32.33082],[-71.47414,-32.32921],[-71.47314,-32.32831],[-71.47247,-32.32639],[-71.47262,-32.32098],[-71.47436,-32.31967],[-71.47317,-32.31668],[-71.47343,-32.31391],[-71.47498,-32.31287],[-71.47243,-32.30995],[-71.4747,-32.30642],[-71.47488,-32.30288],[-71.47347,-32.29966],[-71.475,-32.29731],[-71.47405,-32.29608],[-71.47378,-32.29317],[-71.47499,-32.29074],[-71.4764,-32.28937],[-71.4722,-32.28615],[-71.47309,-32.28539],[-71.47218,-32.28385],[-71.47392,-32.2816],[-71.47405,-32.27958],[-71.47228,-32.27754],[-71.47107,-32.27506],[-71.47102,-32.27397],[-71.47335,-32.2701],[-71.4764,-32.26397],[-71.47843,-32.26121],[-71.47939,-32.25898],[-71.48208,-32.25627],[-71.48524,-32.2537],[-71.48509,-32.25256],[-71.48688,-32.25208],[-71.48711,-32.25059],[-71.48892,-32.24993],[-71.4884,-32.24818],[-71.4899,-32.24806],[-71.49101,-32.2456],[-71.4929,-32.24485],[-71.49443,-32.24349],[-71.49507,-32.24211],[-71.49699,-32.24193],[-71.49894,-32.24071],[-71.49842,-32.23943],[-71.50004,-32.23855],[-71.50604,-32.23702],[-71.51001,-32.23741],[-71.51198,-32.23916],[-71.5115,-32.24062],[-71.51307,-32.24241],[-71.51648,-32.24347],[-71.51763,-32.2417],[-71.51906,-32.24109],[-71.52074,-32.24129],[-71.52292,-32.23977],[-71.52394,-32.23759],[-71.52644,-32.23631],[-71.52716,-32.2345],[-71.52382,-32.23306],[-71.52352,-32.23161],[-71.52239,-32.2305],[-71.52238,-32.22888],[-71.52065,-32.22701],[-71.52226,-32.22563],[-71.52349,-32.22579],[-71.5243,-32.22366],[-71.52341,-32.2228],[-71.52629,-32.21888],[-71.52572,-32.21643],[-71.52456,-32.21521],[-71.52472,-32.21227],[-71.52652,-32.20934],[-71.52552,-32.20838],[-71.5271,-32.20675],[-71.52833,-32.20728],[-71.52969,-32.20619],[-71.53325,-32.20702],[-71.5341,-32.20555],[-71.5336,-32.20112],[-71.53387,-32.19873],[-71.53665,-32.19647],[-71.53944,-32.19587],[-71.54025,-32.19329],[-71.53938,-32.19262],[-71.53911,-32.18998],[-71.54047,-32.18865],[-71.53919,-32.18619],[-71.53775,-32.18454],[-71.53964,-32.18365],[-71.53921,-32.1822],[-71.54145,-32.18039],[-71.54152,-32.17736]]]]}},{"type":"Feature","properties":{"cut":5402,"nombre":"Cabildo","provincia":"Petorca"},"geometry":{"type":"MultiPolygon","coordinates":[[[[-70.41533,-32.28216],[-70.41189,-32.28685],[-70.41142,-32.28973],[-70.41136,-32.29299],[-70.41188,-32.29399],[-70.4121,-32.29733],[-70.41637,-32.30096],[-70.41646,-32.30291],[-70.41502,-32.30441],[-70.41704,-32.30787],[-70.41874,-32.30885],[-70.42314,-32.3131],[-70.42407,-32.31509],[-70.42578,-32.31689],[-70.42649,-32.31879],[-70.42763,-32.32006],[-70.42761,-32.32226],[-70.42926,-32.32329],[-70.43127,-32.32599],[-70.4328,-32.32712],[-70.43367,-32.32883],[-70.43325,-32.33408],[-70.43358,-32.33603],[-70.43766,-32.33831],[-70.44188,-32.33861],[-70.44603,-32.33944],[-70.45131,-32.33931],[-70.45541,-32.33838],[-70.45962,-32.33785],[-70.46244,-32.33668],[-70.46552,-32.33623],[-70.46869,-32.33653],[-70.47042,-32.34078],[-70.47185,-32.34319],[-70.47285,-32.34577],[-70.47388,-32.35018],[-70.4739,-32.35198],[-70.47603,-32.35612],[-70.47799,-32.3568],[-70.48117,-32.35683],[-70.48726,-32.35548],[-70.49117,-32.35628],[-70.49539,-32.35472],[-70.49861,-32.35432],[-70.50201,-32.35336],[-70.50559,-32.35339],[-70.51415,-32.35247],[-70.51718,-32.3519],[-70.51977,-32.35319],[-70.52567,-32.35245],[-70.5276,-32.3529],[-70.53069,-32.35522],[-70.53221,-32.35547],[-70.53377,-32.35658],[-70.53633,-32.35922],[-70.53711,-32.36101],[-70.53737,-32.36318],[-70.53829,-32.36387],[-70.54056,-32.36415],[-70.54433,-32.36558],[-70.54664,-32.36729],[-70.54973,-32.37193],[-70.55219,-32.37246],[-70.55584,-32.36994],[-70.55963,-32.36846],[-70.56176,-32.36866],[-70.56421,-32.37],[-70.56659,-32.37082],[-70.56991,-32.37091],[-70.57348,-32.36928],[-70.57773,-32.37031],[-70.57934,-32.37159],[-70.58082,-32.37441],[-70.58189,-32.37555],[-70.58509,-32.37616],[-70.58997,-32.37414],[-70.59488,-32.37017],[-70.59726,-32.36655],[-70.5996,-32.36499],[-70.60256,-32.36484],[-70.60895,-32.36675],[-70.6124,-32.36879],[-70.61282,-32.37093],[-70.61135,-32.37584],[-70.61163,-32.37795],[-70.61303,-32.38043],[-70.61613,-32.38297],[-70.61987,-32.38547],[-70.61809,-32.38725],[-70.61527,-32.39213],[-70.61437,-32.39537],[-70.61421,-32.39767],[-70.61555,-32.40073],[-70.61821,-32.4019],[-70.61968,-32.40317],[-70.62121,-32.40675],[-70.62139,-32.4086],[-70.62058,-32.40995],[-70.61661,-32.41319],[-70.61614,-32.41492],[-70.61664,-32.41806],[-70.61811,-32.42122],[-70.61888,-32.42434],[-70.62189,-32.42731],[-70.62384,-32.43139],[-70.62487,-32.43268],[-70.62788,-32.43387],[-70.63176,-32.43697],[-70.6342,-32.43988],[-70.63529,-32.44282],[-70.63506,-32.44481],[-70.63363,-32.4473],[-70.6331,-32.45006],[-70.63349,-32.45201],[-70.63564,-32.45453],[-70.63843,-32.46043],[-70.64052,-32.46061],[-70.64384,-32.45805],[-70.64513,-32.45768],[-70.64857,-32.45814],[-70.65238,-32.45827],[-70.65517,-32.46041],[-70.65633,-32.46552],[-70.65699,-32.46683],[-70.66129,-32.46619],[-70.66483,-32.46361],[-70.6713,-32.46368],[-70.67552,-32.46251],[-70.67722,-32.45985],[-70.67719,-32.4583],[-70.67892,-32.45579],[-70.68214,-32.45249],[-70.68419,-32.45169],[-70.68689,-32.45123],[-70.69125,-32.44806],[-70.69304,-32.44568],[-70.6956,-32.4437],[-70.69949,-32.44484],[-70.70248,-32.44517],[-70.70304,-32.44606],[-70.70713,-32.44842],[-70.71052,-32.45192],[-70.71337,-32.4513],[-70.71463,-32.45207],[-70.71708,-32.45177],[-70.72024,-32.44939],[-70.72299,-32.44588],[-70.72415,-32.44549],[-70.72692,-32.4457],[-70.73108,-32.44349],[-70.73228,-32.44126],[-70.73539,-32.44],[-70.73786,-32.43985],[-70.74023,-32.44072],[-70.74241,-32.44064],[-70.74517,-32.4398],[-70.74952,-32.43698],[-70.75046,-32.43586],[-70.75533,-32.43565],[-70.76028,-32.43283],[-70.76283,-32.43267],[-70.76482,-32.43412],[-70.76696,-32.43469],[-70.76852,-32.43403],[-70.77087,-32.43206],[-70.77627,-32.42967],[-70.7764,-32.43353],[-70.77712,-32.43691],[-70.77404,-32.43972],[-70.77346,-32.44268],[-70.77515,-32.44402],[-70.77804,-32.44529],[-70.78131,-32.4455],[-70.78272,-32.44486],[-70.78495,-32.44545],[-70.78703,-32.44469],[-70.79129,-32.44494],[-70.79411,-32.44399],[-70.79744,-32.4441],[-70.79891,-32.44324],[-70.80221,-32.44304],[-70.8026,-32.44972],[-70.80117,-32.45235],[-70.80256,-32.45511],[-70.80418,-32.45734],[-70.8057,-32.45822],[-70.80661,-32.45956],[-70.80674,-32.46161],[-70.81128,-32.46344],[-70.81301,-32.46484],[-70.81838,-32.46754],[-70.82029,-32.46908],[-70.82483,-32.46927],[-70.82624,-32.4705],[-70.82884,-32.47649],[-70.83271,-32.48335],[-70.83477,-32.4859],[-70.83569,-32.48998],[-70.83796,-32.49531],[-70.84285,-32.49924],[-70.84127,-32.49973],[-70.83951,-32.50157],[-70.83789,-32.50239],[-70.83604,-32.50449],[-70.83542,-32.50761],[-70.83289,-32.51058],[-70.83098,-32.51356],[-70.83062,-32.51626],[-70.83183,-32.51958],[-70.83075,-32.52345],[-70.832,-32.52688],[-70.83124,-32.52782],[-70.82863,-32.52882],[-70.82419,-32.53191],[-70.8229,-32.53319],[-70.81809,-32.53649],[-70.81466,-32.53639],[-70.812,-32.53529],[-70.80721,-32.53627],[-70.80253,-32.53598],[-70.79962,-32.53525],[-70.79801,-32.53535],[-70.7884,-32.53832],[-70.78645,-32.54034],[-70.78438,-32.54318],[-70.78302,-32.54697],[-70.78425,-32.55169],[-70.78366,-32.55532],[-70.78138,-32.56468],[-70.78298,-32.56885],[-70.78574,-32.57191],[-70.78833,-32.57317],[-70.79034,-32.57499],[-70.7934,-32.57539],[-70.79548,-32.5751],[-70.79686,-32.57647],[-70.79744,-32.57847],[-70.79857,-32.57956],[-70.80247,-32.58063],[-70.80505,-32.58202],[-70.81112,-32.58338],[-70.81223,-32.58755],[-70.81185,-32.58838],[-70.80897,-32.59083],[-70.80574,-32.59104],[-70.80507,-32.59171],[-70.80527,-32.59685],[-70.80366,-32.59994],[-70.80078,-32.60239],[-70.79612,-32.60558],[-70.79871,-32.60853],[-70.79913,-32.60955],[-70.80094,-32.61098],[-70.80387,-32.61399],[-70.8089,-32.6163],[-70.81142,-32.61874],[-70.81476,-32.61966],[-70.81814,-32.62505],[-70.8194,-32.62997],[-70.8224,-32.63012],[-70.8259,-32.6294],[-70.82764,-32.62863],[-70.83128,-32.62605],[-70.83723,-32.62526],[-70.84139,-32.62706],[-70.84359,-32.6271],[-70.846,-32.62491],[-70.85608,-32.61964],[-70.85835,-32.61893],[-70.86111,-32.61659],[-70.86372,-32.61529],[-70.8653,-32.61541],[-70.86673,-32.61673],[-70.86927,-32.61647],[-70.87125,-32.61466],[-70.87414,-32.61417],[-70.87596,-32.61295],[-70.87754,-32.61322],[-70.88064,-32.61459],[-70.88284,-32.61478],[-70.8852,-32.6143],[-70.8872,-32.61315],[-70.88855,-32.61147],[-70.88978,-32.60829],[-70.89073,-32.60751],[-70.89338,-32.60729],[-70.89455,-32.60784],[-70.89914,-32.61162],[-70.9015,-32.6154],[-70.9025,-32.61617],[-70.90448,-32.61641],[-70.90971,-32.61833],[-70.91231,-32.62127],[-70.91499,-32.62222],[-70.91808,-32.62038],[-70.92299,-32.62041],[-70.92648,-32.61939],[-70.92891,-32.61809],[-70.93128,-32.61806],[-70.93508,-32.61926],[-70.9374,-32.62101],[-70.93858,-32.62285],[-70.94038,-32.62453],[-70.94259,-32.62561],[-70.94989,-32.63021],[-70.9585,-32.6303],[-70.96069,-32.62997],[-70.96356,-32.62881],[-70.96715,-32.62838],[-70.97043,-32.62993],[-70.97562,-32.63029],[-70.97722,-32.63131],[-70.98075,-32.63177],[-70.98698,-32.63167],[-70.98891,-32.63187],[-70.9943,-32.6294],[-70.99714,-32.6265],[-70.99769,-32.62396],[-70.99907,-32.62268],[-71.00203,-32.62159],[-71.00402,-32.62022],[-71.00628,-32.61937],[-71.008,-32.61763],[-71.01184,-32.61683],[-71.01646,-32.61519],[-71.0187,-32.61315],[-71.01958,-32.61321],[-71.02324,-32.61627],[-71.02441,-32.61759],[-71.025,-32.62026],[-71.02864,-32.62213],[-71.02836,-32.62511],[-71.0288,-32.62896],[-71.03069,-32.63109],[-71.03446,-32.63102],[-71.03629,-32.63033],[-71.03644,-32.62921],[-71.03876,-32.62518],[-71.04018,-32.62401],[-71.04168,-32.62446],[-71.04224,-32.62579],[-71.04319,-32.63065],[-71.04412,-32.63303],[-71.04583,-32.63459],[-71.04955,-32.63188],[-71.05183,-32.62894],[-71.0553,-32.62626],[-71.05655,-32.62306],[-71.0564,-32.61664],[-71.0612,-32.61421],[-71.06144,-32.61331],[-71.05998,-32.61149],[-71.05965,-32.60983],[-71.05994,-32.60717],[-71.05958,-32.60626],[-71.05613,-32.60528],[-71.05493,-32.6043],[-71.05466,-32.6001],[-71.06385,-32.59937],[-71.064,-32.59579],[-71.06499,-32.59506],[-71.06187,-32.59258],[-71.05855,-32.58814],[-71.05748,-32.58584],[-71.05783,-32.58097],[-71.05911,-32.57889],[-71.05908,-32.57769],[-71.05405,-32.57502],[-71.04924,-32.57278],[-71.04829,-32.57134],[-71.04711,-32.56818],[-71.04756,-32.56594],[-71.04935,-32.56428],[-71.05135,-32.56331],[-71.05061,-32.56186],[-71.04757,-32.56165],[-71.04624,-32.56116],[-71.0461,-32.55953],[-71.04672,-32.55574],[-71.04603,-32.55266],[-71.04671,-32.5518],[-71.05349,-32.55027],[-71.05548,-32.54852],[-71.05701,-32.5448],[-71.06,-32.54244],[-71.06648,-32.54216],[-71.07225,-32.53743],[-71.07569,-32.53755],[-71.07699,-32.53667],[-71.08155,-32.5323],[-71.08465,-32.53044],[-71.08723,-32.52826],[-71.09585,-32.52434],[-71.1012,-32.52347],[-71.1041,-32.52171],[-71.10591,-32.52116],[-71.10915,-32.52111],[-71.11156,-32.52147],[-71.11477,-32.52126],[-71.11817,-32.52067],[-71.12333,-32.51892],[-71.12635,-32.51657],[-71.12668,-32.514],[-71.12881,-32.51186],[-71.12953,-32.50874],[-71.12896,-32.50707],[-71.12723,-32.5057],[-71.12576,-32.50299],[-71.12692,-32.50066],[-71.12993,-32.49882],[-71.132,-32.49709],[-71.13681,-32.49435],[-71.13977,-32.49108],[-71.14163,-32.48423],[-71.1407,-32.48131],[-71.1417,-32.48076],[-71.1427,-32.47888],[-71.14045,-32.47718],[-71.14301,-32.47436],[-71.14318,-32.4722],[-71.14231,-32.47014],[-71.14216,-32.46769],[-71.14047,-32.46437],[-71.14032,-32.46222],[-71.14195,-32.46044],[-71.14316,-32.45672],[-71.1401,-32.45434],[-71.13892,-32.45166],[-71.1395,-32.45021],[-71.13899,-32.44746],[-71.13638,-32.44492],[-71.13687,-32.44291],[-71.13441,-32.43888],[-71.13142,-32.43835],[-71.12932,-32.43755],[-71.12344,-32.43288],[-71.11398,-32.42778],[-71.10764,-32.42521],[-71.10314,-32.42212],[-71.09747,-32.42144],[-71.09423,-32.42039],[-71.09371,-32.41778],[-71.09394,-32.41548],[-71.09595,-32.41219],[-71.10093,-32.40906],[-71.10317,-32.40388],[-71.10348,-32.40202],[-71.10578,-32.40172],[-71.10769,-32.40328],[-71.11078,-32.40365],[-71.11108,-32.40261],[-71.10765,-32.40097],[-71.10824,-32.39803],[-71.1098,-32.39675],[-71.11009,-32.39393],[-71.10953,-32.38996],[-71.10889,-32.38778],[-71.10799,-32.38186],[-71.10795,-32.37888],[-71.1085,-32.3742],[-71.10917,-32.37315],[-71.10865,-32.37045],[-71.1072,-32.36898],[-71.10497,-32.36576],[-71.10315,-32.36677],[-71.09703,-32.36847],[-71.09581,-32.36977],[-71.09369,-32.37057],[-71.09097,-32.37296],[-71.08895,-32.37677],[-71.08804,-32.37744],[-71.08628,-32.37619],[-71.08496,-32.37437],[-71.08284,-32.37431],[-71.07825,-32.37604],[-71.07485,-32.37638],[-71.07027,-32.37849],[-71.06816,-32.37876],[-71.06473,-32.38005],[-71.06046,-32.38116],[-71.05898,-32.38241],[-71.05926,-32.38598],[-71.05645,-32.38569],[-71.05371,-32.38407],[-71.0501,-32.38043],[-71.047,-32.37855],[-71.04145,-32.3761],[-71.03933,-32.37425],[-71.03559,-32.37202],[-71.03447,-32.37063],[-71.03355,-32.3674],[-71.03248,-32.36545],[-71.03239,-32.36387],[-71.03151,-32.36169],[-71.02972,-32.35943],[-71.02765,-32.35754],[-71.02559,-32.35634],[-71.02536,-32.35347],[-71.0272,-32.35089],[-71.02775,-32.34849],[-71.0246,-32.34622],[-71.02329,-32.34412],[-71.02053,-32.34199],[-71.01925,-32.33995],[-71.0187,-32.33691],[-71.0177,-32.33487],[-71.01288,-32.33332],[-71.00839,-32.33106],[-71.00817,-32.32867],[-71.00754,-32.32797],[-71.00422,-32.32774],[-71.00022,-32.32517],[-70.99582,-32.3241],[-70.99362,-32.32394],[-70.99106,-32.32236],[-70.98627,-32.3221],[-70.984,-32.32113],[-70.98147,-32.32093],[-70.9793,-32.32178],[-70.97811,-32.32156],[-70.97349,-32.32354],[-70.96979,-32.32398],[-70.96636,-32.3238],[-70.9649,-32.32416],[-70.96203,-32.32635],[-70.95935,-32.32744],[-70.95561,-32.32831],[-70.95418,-32.32972],[-70.954,-32.33182],[-70.9529,-32.33327],[-70.95013,-32.33498],[-70.94615,-32.33542],[-70.94468,-32.3362],[-70.9429,-32.33891],[-70.93985,-32.34043],[-70.93538,-32.34179],[-70.93302,-32.34187],[-70.92979,-32.34092],[-70.92771,-32.34095],[-70.92584,-32.34027],[-70.92229,-32.33984],[-70.92006,-32.3404],[-70.91784,-32.34173],[-70.91553,-32.34157],[-70.91123,-32.34068],[-70.90871,-32.3387],[-70.90755,-32.33576],[-70.90697,-32.33202],[-70.904,-32.32795],[-70.90336,-32.32547],[-70.90228,-32.3234],[-70.90153,-32.32035],[-70.89815,-32.31706],[-70.89389,-32.31224],[-70.89238,-32.31137],[-70.88962,-32.31132],[-70.88536,-32.31326],[-70.88199,-32.31397],[-70.87738,-32.31337],[-70.87409,-32.31373],[-70.87285,-32.31342],[-70.86822,-32.31033],[-70.86456,-32.30838],[-70.862,-32.30655],[-70.86054,-32.30406],[-70.85903,-32.30297],[-70.85262,-32.30059],[-70.84889,-32.29847],[-70.84319,-32.2964],[-70.84082,-32.29457],[-70.83936,-32.29226],[-70.83926,-32.28997],[-70.84051,-32.28785],[-70.83925,-32.284],[-70.83927,-32.28219],[-70.83715,-32.28007],[-70.83587,-32.2778],[-70.83489,-32.2739],[-70.83308,-32.27049],[-70.83142,-32.26884],[-70.82961,-32.26825],[-70.82704,-32.2689],[-70.82539,-32.27065],[-70.82394,-32.27134],[-70.82113,-32.27119],[-70.81941,-32.27212],[-70.81616,-32.2725],[-70.8098,-32.27221],[-70.80791,-32.273],[-70.80465,-32.27281],[-70.80157,-32.27357],[-70.79752,-32.27768],[-70.79574,-32.27694],[-70.79315,-32.27684],[-70.79038,-32.27845],[-70.78697,-32.2796],[-70.78332,-32.27984],[-70.78064,-32.28054],[-70.7762,-32.28328],[-70.77352,-32.28432],[-70.76771,-32.28508],[-70.76422,-32.28413],[-70.75719,-32.28122],[-70.75337,-32.28073],[-70.748,-32.27785],[-70.74282,-32.27721],[-70.73852,-32.27555],[-70.73547,-32.27478],[-70.73037,-32.27542],[-70.72904,-32.27625],[-70.72673,-32.27566],[-70.72087,-32.27512],[-70.71691,-32.2737],[-70.713,-32.27499],[-70.7087,-32.27451],[-70.70289,-32.27174],[-70.70069,-32.27139],[-70.69344,-32.2712],[-70.68829,-32.26936],[-70.68534,-32.26763],[-70.68408,-32.26607],[-70.68089,-32.26406],[-70.67923,-32.26203],[-70.67742,-32.26148],[-70.67051,-32.26167],[-70.66682,-32.26239],[-70.66414,-32.26343],[-70.66094,-32.2637],[-70.65751,-32.26351],[-70.6541,-32.26447],[-70.65209,-32.26415],[-70.64917,-32.26162],[-70.64758,-32.26101],[-70.64421,-32.25796],[-70.64286,-32.25745],[-70.63561,-32.25773],[-70.63217,-32.25649],[-70.62974,-32.25605],[-70.62508,-32.25592],[-70.62239,-32.25657],[-70.61919,-32.25938],[-70.61702,-32.2606],[-70.61112,-32.26087],[-70.60883,-32.26123],[-70.60707,-32.26063],[-70.60377,-32.25814],[-70.59581,-32.25567],[-70.59249,-32.25242],[-70.5908,-32.25163],[-70.58684,-32.25053],[-70.58341,-32.25005],[-70.58027,-32.25023],[-70.57706,-32.24994],[-70.57056,-32.25059],[-70.56878,-32.25152],[-70.56464,-32.25262],[-70.56194,-32.25192],[-70.55561,-32.25148],[-70.54799,-32.25116],[-70.54587,-32.25126],[-70.54135,-32.25279],[-70.53688,-32.25327],[-70.53391,-32.25406],[-70.53109,-32.25631],[-70.52813,-32.2578],[-70.52435,-32.25886],[-70.52219,-32.2572],[-70.52206,-32.25522],[-70.52024,-32.25361],[-70.51624,-32.251],[-70.51318,-32.24755],[-70.51123,-32.24615],[-70.50906,-32.24395],[-70.50613,-32.2404],[-70.503,-32.23803],[-70.49894,-32.23789],[-70.49693,-32.23697],[-70.4944,-32.23766],[-70.49008,-32.23724],[-70.4871,-32.23784],[-70.48498,-32.23673],[-70.48239,-32.23357],[-70.47533,-32.22811],[-70.47329,-32.22512],[-70.47105,-32.22289],[-70.46878,-32.21944],[-70.46566,-32.21797],[-70.46218,-32.21453],[-70.45715,-32.21278],[-70.45714,-32.21378],[-70.45516,-32.21675],[-70.45462,-32.21898],[-70.45438,-32.22215],[-70.45323,-32.22405],[-70.45064,-32.22423],[-70.44883,-32.22379],[-70.44532,-32.221],[-70.44427,-32.22076],[-70.44098,-32.22286],[-70.43941,-32.22534],[-70.43715,-32.22637],[-70.43492,-32.22633],[-70.43303,-32.22702],[-70.43388,-32.23145],[-70.43402,-32.23465],[-70.433,-32.23677],[-70.43271,-32.2393],[-70.43478,-32.24129],[-70.43593,-32.24418],[-70.43499,-32.24737],[-70.43515,-32.24917],[-70.43629,-32.25117],[-70.43633,-32.25398],[-70.43792,-32.25608],[-70.43626,-32.25831],[-70.43623,-32.26004],[-70.43719,-32.26306],[-70.43699,-32.26603],[-70.43797,-32.26864],[-70.43756,-32.27052],[-70.43421,-32.27158],[-70.42888,-32.27221],[-70.42568,-32.27561],[-70.42365,-32.27634],[-70.42018,-32.28012],[-70.41533,-32.28216]]]]}},{"type":"Feature","properties":{"cut":5403,"nombre":"Papudo","provincia":"Petorca"},"geometry":{"type":"MultiPolygon","coordinates":[[[[-71.40756,-32.40415],[-71.40411,-32.40396],[-71.39999,-32.40469],[-71.39084,-32.40538],[-71.38469,-32.40426],[-71.38193,-32.40479],[-71.37982,-32.40612],[-71.37554,-32.40406],[-71.37128,-32.40296],[-71.37012,-32.40218],[-71.34836,-32.40992],[-71.34601,-32.41171],[-71.34287,-32.41471],[-71.34118,-32.41297],[-71.33811,-32.41105],[-71.33388,-32.40883],[-71.32551,-32.40344],[-71.32224,-32.40623],[-71.32129,-32.40836],[-71.31936,-32.41122],[-71.31832,-32.41369],[-71.315,-32.41794],[-71.30842,-32.42693],[-71.30585,-32.43],[-71.30511,-32.43393],[-71.30386,-32.43666],[-71.30038,-32.43545],[-71.29839,-32.43567],[-71.29398,-32.43765],[-71.29137,-32.43965],[-71.28855,-32.44085],[-71.28453,-32.4412],[-71.28422,-32.44127],[-71.28747,-32.44372],[-71.28931,-32.44451],[-71.29283,-32.44383],[-71.29659,-32.44476],[-71.30007,-32.44621],[-71.30788,-32.44731],[-71.31311,-32.44698],[-71.31679,-32.4462],[-71.31973,-32.4424],[-71.32119,-32.44169],[-71.32257,-32.44541],[-71.32239,-32.44723],[-71.32404,-32.45272],[-71.32404,-32.45484],[-71.32187,-32.45899],[-71.31966,-32.46214],[-71.3202,-32.46671],[-71.31627,-32.47024],[-71.3143,-32.47139],[-71.31222,-32.47149],[-71.30841,-32.47384],[-71.30749,-32.47511],[-71.3053,-32.47672],[-71.30444,-32.47861],[-71.30433,-32.48366],[-71.30205,-32.48531],[-71.29916,-32.48859],[-71.29821,-32.49201],[-71.30006,-32.49386],[-71.30072,-32.49537],[-71.3009,-32.49796],[-71.30386,-32.49884],[-71.30759,-32.49923],[-71.31098,-32.49877],[-71.31424,-32.49924],[-71.31658,-32.50011],[-71.31968,-32.50032],[-71.31882,-32.50289],[-71.31901,-32.5042],[-71.32044,-32.50568],[-71.32498,-32.50776],[-71.33088,-32.50876],[-71.33364,-32.50792],[-71.33656,-32.51016],[-71.33937,-32.5109],[-71.34285,-32.51077],[-71.3445,-32.51205],[-71.35074,-32.51473],[-71.35328,-32.51679],[-71.35855,-32.51911],[-71.36356,-32.5207],[-71.365,-32.5232],[-71.36783,-32.52693],[-71.3708,-32.5313],[-71.3716,-32.53349],[-71.37041,-32.53541],[-71.37017,-32.54036],[-71.37056,-32.5412],[-71.37706,-32.54428],[-71.37908,-32.54679],[-71.38217,-32.5499],[-71.38531,-32.55123],[-71.38678,-32.55276],[-71.38793,-32.55256],[-71.38982,-32.55117],[-71.39406,-32.55202],[-71.39636,-32.55305],[-71.40079,-32.55319],[-71.40633,-32.55116],[-71.4089,-32.55067],[-71.41012,-32.55096],[-71.41307,-32.55273],[-71.41689,-32.55264],[-71.42077,-32.55345],[-71.42255,-32.5532],[-71.4243,-32.55138],[-71.42769,-32.55024],[-71.42976,-32.54859],[-71.43171,-32.54869],[-71.43429,-32.54736],[-71.43582,-32.54559],[-71.43748,-32.54453],[-71.43824,-32.5413],[-71.44079,-32.54022],[-71.44563,-32.53959],[-71.44895,-32.53779],[-71.45232,-32.53754],[-71.45351,-32.53676],[-71.45422,-32.53454],[-71.454,-32.53025],[-71.45608,-32.52534],[-71.45683,-32.52298],[-71.45953,-32.5177],[-71.45986,-32.51618],[-71.45935,-32.51476],[-71.46046,-32.51295],[-71.46021,-32.50969],[-71.46074,-32.50575],[-71.46222,-32.50402],[-71.4629,-32.50071],[-71.46056,-32.49923],[-71.45883,-32.50121],[-71.45687,-32.50043],[-71.45514,-32.50187],[-71.45266,-32.50224],[-71.45076,-32.50357],[-71.45094,-32.50494],[-71.44945,-32.50562],[-71.44483,-32.50478],[-71.43882,-32.50048],[-71.43664,-32.49834],[-71.43405,-32.49476],[-71.43397,-32.49237],[-71.43287,-32.49175],[-71.43295,-32.49018],[-71.43387,-32.48912],[-71.43305,-32.48797],[-71.43104,-32.48725],[-71.43028,-32.48498],[-71.43126,-32.48393],[-71.43129,-32.4812],[-71.43287,-32.48012],[-71.43214,-32.47821],[-71.43039,-32.47776],[-71.43161,-32.47506],[-71.43341,-32.47304],[-71.43266,-32.4721],[-71.4331,-32.47058],[-71.43129,-32.46801],[-71.43197,-32.46563],[-71.43144,-32.46386],[-71.43127,-32.4602],[-71.43164,-32.45864],[-71.43311,-32.4584],[-71.43375,-32.45555],[-71.43347,-32.45446],[-71.43489,-32.45379],[-71.43476,-32.45155],[-71.43584,-32.45081],[-71.43514,-32.44902],[-71.43345,-32.44714],[-71.43013,-32.44802],[-71.42754,-32.44684],[-71.42607,-32.44451],[-71.42732,-32.44167],[-71.42682,-32.43995],[-71.42764,-32.43952],[-71.4289,-32.43582],[-71.42822,-32.43198],[-71.42966,-32.43027],[-71.42911,-32.42846],[-71.4296,-32.42734],[-71.42831,-32.42588],[-71.42845,-32.42366],[-71.426,-32.42382],[-71.42546,-32.42202],[-71.42722,-32.42051],[-71.42781,-32.41797],[-71.42736,-32.41529],[-71.4254,-32.41313],[-71.42367,-32.40979],[-71.42083,-32.41038],[-71.4203,-32.41132],[-71.41744,-32.41178],[-71.41547,-32.41069],[-71.41309,-32.41209],[-71.41203,-32.41085],[-71.41012,-32.41031],[-71.40876,-32.40764],[-71.40756,-32.40415]]]]}},{"type":"Feature","properties":{"cut":5404,"nombre":"Petorca","provincia":"Petorca"},"geometry":{"type":"MultiPolygon","coordinates":[[[[-70.45715,-32.21278],[-70.46218,-32.21453],[-70.46566,-32.21797],[-70.46878,-32.21944],[-70.47105,-32.22289],[-70.47329,-32.22512],[-70.47533,-32.22811],[-70.48239,-32.23357],[-70.48498,-32.23673],[-70.4871,-32.23784],[-70.49008,-32.23724],[-70.4944,-32.23766],[-70.49693,-32.23697],[-70.49894,-32.23789],[-70.503,-32.23803],[-70.50613,-32.2404],[-70.50906,-32.24395],[-70.51123,-32.24615],[-70.51318,-32.24755],[-70.51624,-32.251],[-70.52024,-32.25361],[-70.52206,-32.25522],[-70.52219,-32.2572],[-70.52435,-32.25886],[-70.52813,-32.2578],[-70.53109,-32.25631],[-70.53391,-32.25406],[-70.53688,-32.25327],[-70.54135,-32.25279],[-70.54587,-32.25126],[-70.54799,-32.25116],[-70.55561,-32.25148],[-70.56194,-32.25192],[-70.56464,-32.25262],[-70.56878,-32.25152],[-70.57056,-32.25059],[-70.57706,-32.24994],[-70.58027,-32.25023],[-70.58341,-32.25005],[-70.58684,-32.25053],[-70.5908,-32.25163],[-70.59249,-32.25242],[-70.59581,-32.25567],[-70.60377,-32.25814],[-70.60707,-32.26063],[-70.60883,-32.26123],[-70.61112,-32.26087],[-70.61702,-32.2606],[-70.61919,-32.25938],[-70.62239,-32.25657],[-70.62508,-32.25592],[-70.62974,-32.25605],[-70.63217,-32.25649],[-70.63561,-32.25773],[-70.64286,-32.25745],[-70.64421,-32.25796],[-70.64758,-32.26101],[-70.64917,-32.26162],[-70.65209,-32.26415],[-70.6541,-32.26447],[-70.65751,-32.26351],[-70.66094,-32.2637],[-70.66414,-32.26343],[-70.66682,-32.26239],[-70.67051,-32.26167],[-70.67742,-32.26148],[-70.67923,-32.26203],[-70.68089,-32.26406],[-70.68408,-32.26607],[-70.68534,-32.26763],[-70.68829,-32.26936],[-70.69344,-32.2712],[-70.70069,-32.27139],[-70.70289,-32.27174],[-70.7087,-32.27451],[-70.713,-32.27499],[-70.71691,-32.2737],[-70.72087,-32.27512],[-70.72673,-32.27566],[-70.72904,-32.27625],[-70.73037,-32.27542],[-70.73547,-32.27478],[-70.73852,-32.27555],[-70.74282,-32.27721],[-70.748,-32.27785],[-70.75337,-32.28073],[-70.75719,-32.28122],[-70.76422,-32.28413],[-70.76771,-32.28508],[-70.77352,-32.28432],[-70.7762,-32.28328],[-70.78064,-32.28054],[-70.78332,-32.27984],[-70.78697,-32.2796],[-70.79038,-32.27845],[-70.79315,-32.27684],[-70.79574,-32.27694],[-70.79752,-32.27768],[-70.80157,-32.27357],[-70.80465,-32.27281],[-70.80791,-32.273],[-70.8098,-32.27221],[-70.81616,-32.2725],[-70.81941,-32.27212],[-70.82113,-32.27119],[-70.82394,-32.27134],[-70.82539,-32.27065],[-70.82704,-32.2689],[-70.82961,-32.26825],[-70.83142,-32.26884],[-70.83308,-32.27049],[-70.83489,-32.2739],[-70.83587,-32.2778],[-70.83715,-32.28007],[-70.83927,-32.28219],[-70.83925,-32.284],[-70.84051,-32.28785],[-70.83926,-32.28997],[-70.83936,-32.29226],[-70.84082,-32.29457],[-70.84319,-32.2964],[-70.84889,-32.29847],[-70.85262,-32.30059],[-70.85903,-32.30297],[-70.86054,-32.30406],[-70.862,-32.30655],[-70.86456,-32.30838],[-70.86822,-32.31033],[-70.87285,-32.31342],[-70.87409,-32.31373],[-70.87738,-32.31337],[-70.88199,-32.31397],[-70.88536,-32.31326],[-70.88962,-32.31132],[-70.89238,-32.31137],[-70.89389,-32.31224],[-70.89815,-32.31706],[-70.90153,-32.32035],[-70.90228,-32.3234],[-70.90336,-32.32547],[-70.904,-32.32795],[-70.90697,-32.33202],[-70.90755,-32.33576],[-70.90871,-32.3387],[-70.91123,-32.34068],[-70.91553,-32.34157],[-70.91784,-32.34173],[-70.92006,-32.3404],[-70.92229,-32.33984],[-70.92584,-32.34027],[-70.92771,-32.34095],[-70.92979,-32.34092],[-70.93302,-32.34187],[-70.93538,-32.34179],[-70.93985,-32.34043],[-70.9429,-32.33891],[-70.94468,-32.3362],[-70.94615,-32.33542],[-70.95013,-32.33498],[-70.9529,-32.33327],[-70.954,-32.33182],[-70.95418,-32.32972],[-70.95561,-32.32831],[-70.95935,-32.32744],[-70.96203,-32.32635],[-70.9649,-32.32416],[-70.96636,-32.3238],[-70.96979,-32.32398],[-70.97349,-32.32354],[-70.97811,-32.32156],[-70.9793,-32.32178],[-70.98147,-32.32093],[-70.984,-32.32113],[-70.98627,-32.3221],[-70.99106,-32.32236],[-70.99362,-32.32394],[-70.99582,-32.3241],[-71.00022,-32.32517],[-71.00422,-32.32774],[-71.00754,-32.32797],[-71.00817,-32.32867],[-71.00839,-32.33106],[-71.01288,-32.33332],[-71.0177,-32.33487],[-71.0187,-32.33691],[-71.01925,-32.33995],[-71.02053,-32.34199],[-71.02329,-32.34412],[-71.0246,-32.34622],[-71.02775,-32.34849],[-71.0272,-32.35089],[-71.02536,-32.35347],[-71.02559,-32.35634],[-71.02765,-32.35754],[-71.02972,-32.35943],[-71.03151,-32.36169],[-71.03239,-32.36387],[-71.03248,-32.36545],[-71.03355,-32.3674],[-71.03447,-32.37063],[-71.03559,-32.37202],[-71.03933,-32.37425],[-71.04145,-32.3761],[-71.047,-32.37855],[-71.0501,-32.38043],[-71.05371,-32.38407],[-71.05645,-32.38569],[-71.05926,-32.38598],[-71.05898,-32.38241],[-71.06046,-32.38116],[-71.06473,-32.38005],[-71.06816,-32.37876],[-71.07027,-32.37849],[-71.07485,-32.37638],[-71.07825,-32.37604],[-71.08284,-32.37431],[-71.08496,-32.37437],[-71.08628,-32.37619],[-71.08804,-32.37744],[-71.08895,-32.37677],[-71.09097,-32.37296],[-71.09369,-32.37057],[-71.09581,-32.36977],[-71.09703,-32.36847],[-71.10315,-32.36677],[-71.10497,-32.36576],[-71.10578,-32.36078],[-71.10461,-32.35656],[-71.10475,-32.35504],[-71.10414,-32.35164],[-71.10729,-32.34893],[-71.11021,-32.34782],[-71.1131,-32.34528],[-71.11445,-32.34192],[-71.11413,-32.3398],[-71.11592,-32.33614],[-71.11819,-32.33382],[-71.12283,-32.33011],[-71.12487,-32.32947],[-71.12761,-32.3248],[-71.12801,-32.32256],[-71.12957,-32.32071],[-71.13248,-32.31521],[-71.13276,-32.31202],[-71.13379,-32.31056],[-71.1386,-32.30639],[-71.13976,-32.30614],[-71.14168,-32.30437],[-71.14469,-32.30341],[-71.14651,-32.30122],[-71.14951,-32.2998],[-71.1539,-32.30071],[-71.15747,-32.30042],[-71.15618,-32.29514],[-71.15603,-32.29272],[-71.1568,-32.29119],[-71.15657,-32.28892],[-71.15704,-32.28626],[-71.16099,-32.27987],[-71.16379,-32.27724],[-71.1649,-32.27541],[-71.16725,-32.27309],[-71.1675,-32.2721],[-71.16746,-32.26687],[-71.16814,-32.26542],[-71.17014,-32.26327],[-71.17172,-32.26229],[-71.17109,-32.25806],[-71.1719,-32.25471],[-71.17141,-32.25305],[-71.16669,-32.24942],[-71.16516,-32.24498],[-71.16489,-32.24116],[-71.16241,-32.237],[-71.16114,-32.23349],[-71.16082,-32.231],[-71.16132,-32.22614],[-71.16267,-32.22259],[-71.16502,-32.22043],[-71.16575,-32.21731],[-71.16797,-32.21333],[-71.17243,-32.20966],[-71.17459,-32.20674],[-71.17648,-32.2036],[-71.17732,-32.20146],[-71.1787,-32.19955],[-71.1803,-32.19596],[-71.18041,-32.193],[-71.18179,-32.19108],[-71.18264,-32.18569],[-71.18092,-32.18049],[-71.18069,-32.17845],[-71.18106,-32.17511],[-71.18197,-32.1712],[-71.18113,-32.17103],[-71.17514,-32.16912],[-71.16889,-32.16799],[-71.16645,-32.16713],[-71.16285,-32.16428],[-71.16069,-32.16395],[-71.15735,-32.16251],[-71.15208,-32.15941],[-71.15066,-32.15778],[-71.14501,-32.15246],[-71.1433,-32.15134],[-71.14179,-32.15127],[-71.14019,-32.15254],[-71.13518,-32.15176],[-71.13454,-32.15077],[-71.13413,-32.14787],[-71.13176,-32.14476],[-71.13165,-32.14233],[-71.132,-32.13934],[-71.13103,-32.13864],[-71.12649,-32.13891],[-71.12452,-32.13861],[-71.12276,-32.13768],[-71.12249,-32.13554],[-71.12159,-32.13298],[-71.11942,-32.13158],[-71.11496,-32.13022],[-71.11261,-32.12909],[-71.10888,-32.12548],[-71.10563,-32.123],[-71.10426,-32.12081],[-71.10266,-32.11711],[-71.1002,-32.11491],[-71.09747,-32.11348],[-71.09465,-32.11023],[-71.09363,-32.10953],[-71.09049,-32.10589],[-71.08406,-32.10103],[-71.07983,-32.09879],[-71.07674,-32.09823],[-71.07164,-32.09579],[-71.06897,-32.09552],[-71.06567,-32.09329],[-71.06378,-32.08897],[-71.06173,-32.08757],[-71.05704,-32.08321],[-71.05196,-32.08069],[-71.04591,-32.07583],[-71.0423,-32.0746],[-71.03871,-32.0747],[-71.03725,-32.0759],[-71.03144,-32.07403],[-71.03025,-32.07255],[-71.0303,-32.07016],[-71.03088,-32.06894],[-71.03452,-32.06625],[-71.03761,-32.06036],[-71.04093,-32.05858],[-71.04147,-32.05748],[-71.04053,-32.05539],[-71.04064,-32.05296],[-71.04195,-32.0515],[-71.04544,-32.04944],[-71.04602,-32.04786],[-71.04573,-32.04617],[-71.04369,-32.04267],[-71.04268,-32.03753],[-71.04157,-32.0355],[-71.04161,-32.03347],[-71.04007,-32.03216],[-71.03594,-32.03323],[-71.0337,-32.03331],[-71.03161,-32.03253],[-71.02641,-32.0329],[-71.02327,-32.03519],[-71.02017,-32.03555],[-71.01768,-32.03469],[-71.01409,-32.03431],[-71.01269,-32.03458],[-71.01115,-32.03575],[-71.00317,-32.03974],[-71.00152,-32.04105],[-70.9905,-32.0433],[-70.98897,-32.045],[-70.98668,-32.0456],[-70.9842,-32.04488],[-70.97582,-32.04334],[-70.97305,-32.04341],[-70.97134,-32.04482],[-70.96528,-32.04716],[-70.96315,-32.04728],[-70.95699,-32.04709],[-70.95241,-32.04802],[-70.9515,-32.04887],[-70.95223,-32.05659],[-70.95119,-32.05775],[-70.94745,-32.05838],[-70.9443,-32.05786],[-70.94225,-32.05899],[-70.93983,-32.06277],[-70.93976,-32.06444],[-70.94044,-32.06768],[-70.94053,-32.07169],[-70.93965,-32.07411],[-70.93818,-32.07595],[-70.93108,-32.07944],[-70.92973,-32.07932],[-70.92869,-32.07795],[-70.92697,-32.07359],[-70.92559,-32.07156],[-70.92307,-32.06907],[-70.91731,-32.06448],[-70.91361,-32.06312],[-70.91132,-32.06325],[-70.90815,-32.06473],[-70.906,-32.06615],[-70.90162,-32.06622],[-70.89643,-32.06448],[-70.89377,-32.06299],[-70.89036,-32.06202],[-70.88851,-32.06219],[-70.88603,-32.06132],[-70.88463,-32.06153],[-70.88188,-32.06391],[-70.88026,-32.06422],[-70.87655,-32.06322],[-70.87354,-32.06106],[-70.87023,-32.05774],[-70.86861,-32.05669],[-70.86426,-32.05633],[-70.86196,-32.05412],[-70.85946,-32.05275],[-70.85803,-32.05286],[-70.8557,-32.05159],[-70.85355,-32.05153],[-70.85001,-32.05317],[-70.84812,-32.05189],[-70.84038,-32.0509],[-70.83697,-32.05081],[-70.83604,-32.04867],[-70.83395,-32.04556],[-70.8293,-32.0429],[-70.82667,-32.04283],[-70.82347,-32.04166],[-70.81953,-32.04187],[-70.8156,-32.03958],[-70.81317,-32.03768],[-70.81041,-32.03731],[-70.80803,-32.03654],[-70.80345,-32.0345],[-70.80002,-32.03431],[-70.79874,-32.03467],[-70.79503,-32.03701],[-70.79372,-32.03841],[-70.79221,-32.04182],[-70.79197,-32.04378],[-70.78876,-32.04259],[-70.78685,-32.04252],[-70.78336,-32.04166],[-70.77759,-32.03912],[-70.77614,-32.03909],[-70.77218,-32.04029],[-70.77105,-32.03997],[-70.76743,-32.03787],[-70.76454,-32.03653],[-70.75868,-32.03329],[-70.75227,-32.02914],[-70.75029,-32.02816],[-70.74495,-32.02742],[-70.74364,-32.02629],[-70.74186,-32.02252],[-70.74021,-32.02092],[-70.73814,-32.02129],[-70.73073,-32.02626],[-70.72762,-32.02792],[-70.72378,-32.02898],[-70.71833,-32.02998],[-70.71005,-32.03052],[-70.70658,-32.03095],[-70.70357,-32.0318],[-70.70146,-32.03283],[-70.70012,-32.0344],[-70.69894,-32.03733],[-70.69746,-32.03912],[-70.6954,-32.04296],[-70.69516,-32.04502],[-70.6939,-32.04788],[-70.69166,-32.05144],[-70.69266,-32.05677],[-70.69187,-32.05828],[-70.69166,-32.06187],[-70.69023,-32.06327],[-70.68676,-32.06069],[-70.68518,-32.06019],[-70.68232,-32.06008],[-70.67858,-32.06066],[-70.67519,-32.06247],[-70.67237,-32.06155],[-70.66791,-32.06135],[-70.66526,-32.06047],[-70.66248,-32.05846],[-70.65906,-32.05535],[-70.65704,-32.05485],[-70.65567,-32.05974],[-70.65543,-32.06242],[-70.65472,-32.06338],[-70.65276,-32.0635],[-70.65161,-32.06476],[-70.64944,-32.06899],[-70.64722,-32.07171],[-70.64565,-32.07464],[-70.64464,-32.0779],[-70.64774,-32.07853],[-70.65006,-32.08008],[-70.65273,-32.08374],[-70.65395,-32.08888],[-70.65516,-32.09077],[-70.65587,-32.09441],[-70.65715,-32.09683],[-70.65741,-32.09907],[-70.6557,-32.10253],[-70.65276,-32.10402],[-70.65218,-32.10576],[-70.6536,-32.11022],[-70.65361,-32.11389],[-70.65236,-32.11568],[-70.65494,-32.12025],[-70.65456,-32.12126],[-70.65334,-32.12951],[-70.65364,-32.13394],[-70.65002,-32.13518],[-70.64725,-32.13751],[-70.64409,-32.13941],[-70.64174,-32.13959],[-70.63912,-32.14048],[-70.63629,-32.14233],[-70.63127,-32.14275],[-70.62829,-32.14527],[-70.62456,-32.1467],[-70.62067,-32.14599],[-70.61785,-32.14517],[-70.61617,-32.14514],[-70.61333,-32.14637],[-70.61241,-32.14805],[-70.61245,-32.15034],[-70.61016,-32.15114],[-70.60883,-32.1539],[-70.60386,-32.15811],[-70.59995,-32.1594],[-70.59806,-32.16033],[-70.59394,-32.16394],[-70.59282,-32.164],[-70.59123,-32.16278],[-70.58714,-32.16317],[-70.58246,-32.16533],[-70.57792,-32.16534],[-70.57437,-32.16462],[-70.56953,-32.16547],[-70.56459,-32.1654],[-70.56191,-32.16646],[-70.55909,-32.16854],[-70.55402,-32.17076],[-70.55126,-32.17159],[-70.54803,-32.17306],[-70.5461,-32.17489],[-70.54334,-32.17474],[-70.54022,-32.17234],[-70.5343,-32.17084],[-70.53177,-32.1671],[-70.53072,-32.16477],[-70.53086,-32.16319],[-70.53212,-32.16151],[-70.53601,-32.15903],[-70.53654,-32.1558],[-70.5377,-32.15139],[-70.53707,-32.1504],[-70.53243,-32.14816],[-70.53009,-32.149],[-70.52888,-32.15035],[-70.5245,-32.15055],[-70.52128,-32.15245],[-70.51787,-32.15321],[-70.51568,-32.15485],[-70.51157,-32.1549],[-70.50966,-32.15564],[-70.50472,-32.15611],[-70.5014,-32.15953],[-70.50047,-32.16201],[-70.50049,-32.16334],[-70.50225,-32.16763],[-70.50348,-32.16895],[-70.50376,-32.1711],[-70.49955,-32.17187],[-70.49581,-32.17181],[-70.49063,-32.1727],[-70.48698,-32.17058],[-70.48431,-32.16979],[-70.48201,-32.16972],[-70.47914,-32.17088],[-70.47723,-32.17234],[-70.47593,-32.17445],[-70.4738,-32.17588],[-70.4722,-32.17571],[-70.4707,-32.17451],[-70.46615,-32.17213],[-70.46157,-32.17162],[-70.45827,-32.1717],[-70.45597,-32.17252],[-70.45338,-32.17962],[-70.45087,-32.18101],[-70.44795,-32.18423],[-70.44632,-32.1856],[-70.44576,-32.18809],[-70.44758,-32.19395],[-70.44814,-32.19469],[-70.45097,-32.19559],[-70.45265,-32.19754],[-70.45205,-32.19949],[-70.45204,-32.20277],[-70.45283,-32.20512],[-70.45415,-32.20759],[-70.45541,-32.21123],[-70.45715,-32.21278]]]]}},{"type":"Feature","properties":{"cut":5405,"nombre":"Zapallar","provincia":"Petorca"},"geometry":{"type":"MultiPolygon","coordinates":[[[[-71.4629,-32.50071],[-71.46222,-32.50402],[-71.46074,-32.50575],[-71.46021,-32.50969],[-71.46046,-32.51295],[-71.45935,-32.51476],[-71.45986,-32.51618],[-71.45953,-32.5177],[-71.45683,-32.52298],[-71.45608,-32.52534],[-71.454,-32.53025],[-71.45422,-32.53454],[-71.45351,-32.53676],[-71.45232,-32.53754],[-71.44895,-32.53779],[-71.44563,-32.53959],[-71.44079,-32.54022],[-71.43824,-32.5413],[-71.43748,-32.54453],[-71.43582,-32.54559],[-71.43429,-32.54736],[-71.43171,-32.54869],[-71.42976,-32.54859],[-71.42769,-32.55024],[-71.4243,-32.55138],[-71.42255,-32.5532],[-71.42077,-32.55345],[-71.41689,-32.55264],[-71.41307,-32.55273],[-71.41012,-32.55096],[-71.4089,-32.55067],[-71.40633,-32.55116],[-71.40079,-32.55319],[-71.39636,-32.55305],[-71.39406,-32.55202],[-71.38982,-32.55117],[-71.38793,-32.55256],[-71.38678,-32.55276],[-71.38531,-32.55123],[-71.38217,-32.5499],[-71.37908,-32.54679],[-71.37706,-32.54428],[-71.37056,-32.5412],[-71.37017,-32.54036],[-71.37041,-32.53541],[-71.3716,-32.53349],[-71.3708,-32.5313],[-71.36783,-32.52693],[-71.365,-32.5232],[-71.36356,-32.5207],[-71.35855,-32.51911],[-71.35328,-32.51679],[-71.35074,-32.51473],[-71.3445,-32.51205],[-71.34285,-32.51077],[-71.33937,-32.5109],[-71.33656,-32.51016],[-71.33364,-32.50792],[-71.33088,-32.50876],[-71.32498,-32.50776],[-71.32044,-32.50568],[-71.31901,-32.5042],[-71.31882,-32.50289],[-71.31968,-32.50032],[-71.31658,-32.50011],[-71.31424,-32.49924],[-71.31098,-32.49877],[-71.30759,-32.49923],[-71.30386,-32.49884],[-71.3009,-32.49796],[-71.29767,-32.50039],[-71.29698,-32.5027],[-71.29568,-32.50412],[-71.29205,-32.50563],[-71.2915,-32.50713],[-71.29318,-32.51031],[-71.29306,-32.51212],[-71.29124,-32.51368],[-71.2883,-32.51523],[-71.26845,-32.52516],[-71.26278,-32.52752],[-71.25203,-32.53291],[-71.24996,-32.5359],[-71.24601,-32.54019],[-71.24185,-32.54411],[-71.24017,-32.54625],[-71.23822,-32.54712],[-71.2367,-32.54911],[-71.23554,-32.55234],[-71.23066,-32.55405],[-71.22941,-32.55515],[-71.22837,-32.55782],[-71.22665,-32.55854],[-71.22611,-32.56102],[-71.22302,-32.56486],[-71.22063,-32.56696],[-71.2194,-32.56855],[-71.21698,-32.57375],[-71.21391,-32.57731],[-71.21222,-32.58195],[-71.21018,-32.5838],[-71.20902,-32.58588],[-71.20741,-32.58751],[-71.20715,-32.58898],[-71.20753,-32.59246],[-71.20421,-32.59448],[-71.2032,-32.59572],[-71.2034,-32.59891],[-71.20112,-32.60427],[-71.20234,-32.60475],[-71.2064,-32.6044],[-71.20858,-32.60338],[-71.21203,-32.60276],[-71.21557,-32.60335],[-71.21821,-32.6034],[-71.22544,-32.60425],[-71.22733,-32.60482],[-71.23121,-32.60391],[-71.23611,-32.60615],[-71.23806,-32.60919],[-71.23905,-32.61351],[-71.24006,-32.61447],[-71.24322,-32.61544],[-71.24302,-32.61771],[-71.2423,-32.619],[-71.24276,-32.6212],[-71.24445,-32.62186],[-71.24547,-32.62537],[-71.25097,-32.62974],[-71.25249,-32.63025],[-71.25463,-32.63016],[-71.25728,-32.62948],[-71.26055,-32.63131],[-71.26229,-32.63373],[-71.26638,-32.63478],[-71.27139,-32.63371],[-71.27517,-32.63403],[-71.27701,-32.63552],[-71.28005,-32.63664],[-71.28049,-32.63931],[-71.27919,-32.64282],[-71.27935,-32.64468],[-71.27828,-32.64794],[-71.28454,-32.65148],[-71.29007,-32.65197],[-71.29194,-32.65272],[-71.29338,-32.6545],[-71.29419,-32.66296],[-71.29497,-32.66426],[-71.29836,-32.66583],[-71.30086,-32.66622],[-71.30236,-32.66795],[-71.30678,-32.6702],[-71.31009,-32.67276],[-71.31476,-32.67292],[-71.31595,-32.67349],[-71.31637,-32.67508],[-71.31887,-32.67627],[-71.32049,-32.67596],[-71.32357,-32.67421],[-71.32636,-32.67451],[-71.32813,-32.67372],[-71.33252,-32.67253],[-71.33423,-32.67285],[-71.33512,-32.67447],[-71.33832,-32.67636],[-71.34122,-32.67987],[-71.3426,-32.68044],[-71.34635,-32.6834],[-71.34902,-32.68291],[-71.34991,-32.68106],[-71.35272,-32.68057],[-71.35403,-32.68202],[-71.35614,-32.6815],[-71.35894,-32.67866],[-71.36141,-32.67704],[-71.37003,-32.677],[-71.3719,-32.67485],[-71.37385,-32.67374],[-71.37503,-32.67185],[-71.37464,-32.66975],[-71.37556,-32.66808],[-71.37697,-32.66773],[-71.38209,-32.66743],[-71.38352,-32.66633],[-71.38138,-32.66554],[-71.37926,-32.66542],[-71.38006,-32.66369],[-71.37709,-32.66359],[-71.37715,-32.66032],[-71.37943,-32.65948],[-71.3804,-32.65695],[-71.37895,-32.65539],[-71.37978,-32.65306],[-71.38016,-32.64971],[-71.3822,-32.65035],[-71.38356,-32.65004],[-71.38341,-32.64781],[-71.38501,-32.64705],[-71.38752,-32.64748],[-71.39,-32.64715],[-71.39063,-32.64614],[-71.38932,-32.64446],[-71.39222,-32.64372],[-71.39412,-32.64261],[-71.39572,-32.6427],[-71.39671,-32.64101],[-71.39839,-32.64209],[-71.3999,-32.64222],[-71.39907,-32.63945],[-71.39979,-32.63832],[-71.40423,-32.63716],[-71.40506,-32.63651],[-71.405,-32.63432],[-71.40554,-32.63307],[-71.40779,-32.63116],[-71.40859,-32.62931],[-71.41201,-32.6306],[-71.41375,-32.63041],[-71.41577,-32.62681],[-71.41811,-32.6289],[-71.41905,-32.63186],[-71.42366,-32.6337],[-71.42538,-32.63379],[-71.42782,-32.63261],[-71.43015,-32.63227],[-71.43129,-32.62255],[-71.43249,-32.61898],[-71.43327,-32.61847],[-71.43312,-32.61475],[-71.43386,-32.61259],[-71.43532,-32.61175],[-71.43596,-32.60953],[-71.43482,-32.60806],[-71.43555,-32.6071],[-71.43467,-32.60592],[-71.43555,-32.60281],[-71.4394,-32.59441],[-71.44276,-32.59],[-71.44491,-32.58787],[-71.44842,-32.58529],[-71.45138,-32.58394],[-71.45479,-32.58397],[-71.45761,-32.58291],[-71.45624,-32.58119],[-71.45671,-32.58004],[-71.45509,-32.57873],[-71.45889,-32.57838],[-71.45872,-32.57669],[-71.45967,-32.57604],[-71.45947,-32.57412],[-71.45779,-32.57097],[-71.45887,-32.56932],[-71.45823,-32.56813],[-71.46,-32.56556],[-71.46172,-32.56516],[-71.46323,-32.56335],[-71.46502,-32.56296],[-71.4664,-32.56144],[-71.46747,-32.55911],[-71.46737,-32.55742],[-71.46891,-32.5536],[-71.47012,-32.55364],[-71.47183,-32.5515],[-71.46991,-32.55113],[-71.46648,-32.55204],[-71.46438,-32.55339],[-71.46195,-32.55248],[-71.46062,-32.55064],[-71.46065,-32.54904],[-71.46199,-32.54878],[-71.46444,-32.54603],[-71.46632,-32.54449],[-71.46561,-32.54316],[-71.4659,-32.54095],[-71.46944,-32.53711],[-71.47011,-32.53463],[-71.46818,-32.53331],[-71.46792,-32.53041],[-71.46977,-32.52826],[-71.4712,-32.52837],[-71.47193,-32.52653],[-71.47362,-32.52458],[-71.47571,-32.52432],[-71.47661,-32.52231],[-71.47521,-32.5207],[-71.47566,-32.51769],[-71.47474,-32.5156],[-71.47505,-32.51387],[-71.47402,-32.51289],[-71.47375,-32.5111],[-71.47234,-32.50985],[-71.47264,-32.50793],[-71.47122,-32.50622],[-71.47122,-32.50464],[-71.46904,-32.50367],[-71.46642,-32.50154],[-71.46527,-32.49882],[-71.46419,-32.50028],[-71.4629,-32.50071]]],[[[-71.45691,-32.58492],[-71.45576,-32.58596],[-71.45629,-32.58771],[-71.45948,-32.58692],[-71.45691,-32.58492]]]]}},{"type":"Feature","properties":{"cut":5501,"nombre":"Quillota","provincia":"Quillota"},"geometry":{"type":"MultiPolygon","coordinates":[[[[-71.21175,-32.85956],[-71.21167,-32.85956],[-71.20825,-32.85919],[-71.20496,-32.85943],[-71.20402,-32.86035],[-71.20083,-32.86183],[-71.20065,-32.86244],[-71.20067,-32.86254],[-71.19935,-32.86359],[-71.19361,-32.86546],[-71.19042,-32.8673],[-71.18821,-32.86786],[-71.18503,-32.86965],[-71.18164,-32.86925],[-71.17908,-32.86708],[-71.17542,-32.86753],[-71.17044,-32.86742],[-71.16851,-32.86693],[-71.16612,-32.86411],[-71.16222,-32.86404],[-71.1602,-32.86498],[-71.15672,-32.86492],[-71.15234,-32.86614],[-71.14941,-32.86652],[-71.14542,-32.86791],[-71.14733,-32.87351],[-71.14762,-32.87695],[-71.1461,-32.88252],[-71.14343,-32.88755],[-71.14431,-32.89144],[-71.14564,-32.89314],[-71.14583,-32.89688],[-71.14524,-32.89815],[-71.14527,-32.9002],[-71.14387,-32.90336],[-71.14607,-32.90556],[-71.14649,-32.90867],[-71.14614,-32.91347],[-71.14537,-32.91586],[-71.14666,-32.91756],[-71.14698,-32.91927],[-71.14964,-32.92274],[-71.15058,-32.92593],[-71.15135,-32.92704],[-71.1519,-32.92951],[-71.15001,-32.93075],[-71.1466,-32.9321],[-71.14422,-32.93499],[-71.14349,-32.93638],[-71.14282,-32.94021],[-71.14192,-32.94156],[-71.13336,-32.94406],[-71.13078,-32.94548],[-71.12783,-32.94797],[-71.12534,-32.94884],[-71.12224,-32.94908],[-71.12073,-32.94984],[-71.11951,-32.95465],[-71.12573,-32.95728],[-71.12731,-32.96071],[-71.12928,-32.96235],[-71.13122,-32.96312],[-71.13544,-32.96654],[-71.13793,-32.96678],[-71.13984,-32.96842],[-71.14189,-32.96895],[-71.14432,-32.96877],[-71.14595,-32.97046],[-71.15,-32.97075],[-71.15372,-32.97226],[-71.15495,-32.97405],[-71.15747,-32.97291],[-71.16279,-32.97267],[-71.16695,-32.97155],[-71.17218,-32.96924],[-71.17489,-32.96896],[-71.17854,-32.96994],[-71.18266,-32.97159],[-71.18498,-32.97179],[-71.18877,-32.97139],[-71.19213,-32.97209],[-71.19525,-32.97125],[-71.19881,-32.97104],[-71.20058,-32.97158],[-71.20277,-32.97116],[-71.20648,-32.97224],[-71.21156,-32.97168],[-71.21312,-32.97298],[-71.21729,-32.97311],[-71.2206,-32.97192],[-71.22789,-32.97174],[-71.23102,-32.97226],[-71.23257,-32.97314],[-71.23587,-32.9736],[-71.24132,-32.97329],[-71.24468,-32.9739],[-71.24637,-32.97373],[-71.24753,-32.97261],[-71.24939,-32.97215],[-71.25316,-32.97244],[-71.25529,-32.97154],[-71.25712,-32.96993],[-71.2596,-32.96955],[-71.26161,-32.96875],[-71.26702,-32.96775],[-71.27049,-32.96616],[-71.27175,-32.96446],[-71.27366,-32.96381],[-71.2764,-32.96354],[-71.27964,-32.96196],[-71.2828,-32.96152],[-71.28498,-32.96057],[-71.28984,-32.96082],[-71.29215,-32.96187],[-71.29405,-32.96107],[-71.29604,-32.95937],[-71.3012,-32.95829],[-71.30647,-32.95452],[-71.30937,-32.95275],[-71.31285,-32.95359],[-71.315,-32.95355],[-71.32266,-32.95241],[-71.33176,-32.95176],[-71.33314,-32.9505],[-71.33706,-32.94899],[-71.33763,-32.94674],[-71.34008,-32.94745],[-71.34116,-32.94455],[-71.34342,-32.94212],[-71.34466,-32.942],[-71.34653,-32.93991],[-71.34924,-32.93543],[-71.34816,-32.93432],[-71.34678,-32.93083],[-71.35214,-32.92726],[-71.35405,-32.92689],[-71.35659,-32.92782],[-71.35772,-32.92761],[-71.36015,-32.92546],[-71.36345,-32.92197],[-71.36741,-32.91984],[-71.37196,-32.9188],[-71.37392,-32.91805],[-71.37655,-32.91826],[-71.37777,-32.91929],[-71.37907,-32.9215],[-71.38094,-32.92185],[-71.38288,-32.92029],[-71.38544,-32.92081],[-71.38826,-32.92286],[-71.39058,-32.92281],[-71.39264,-32.92144],[-71.39419,-32.91933],[-71.39667,-32.919],[-71.39818,-32.92045],[-71.4024,-32.91979],[-71.40867,-32.91808],[-71.41216,-32.91811],[-71.41499,-32.91909],[-71.41666,-32.92062],[-71.42185,-32.92015],[-71.42372,-32.92084],[-71.42689,-32.92025],[-71.43046,-32.92141],[-71.43226,-32.92128],[-71.43481,-32.92271],[-71.43703,-32.92244],[-71.43986,-32.92268],[-71.44136,-32.92219],[-71.44288,-32.92268],[-71.44302,-32.91831],[-71.44175,-32.91635],[-71.43786,-32.91612],[-71.4388,-32.91418],[-71.44125,-32.91238],[-71.44127,-32.91046],[-71.43881,-32.90924],[-71.43893,-32.90827],[-71.44068,-32.9071],[-71.44442,-32.90558],[-71.4461,-32.90187],[-71.44771,-32.90058],[-71.44886,-32.89845],[-71.45077,-32.89793],[-71.45065,-32.89582],[-71.45146,-32.89448],[-71.45221,-32.89095],[-71.44783,-32.89139],[-71.44303,-32.89281],[-71.43705,-32.8933],[-71.43611,-32.89301],[-71.43449,-32.89108],[-71.43312,-32.88641],[-71.43216,-32.88403],[-71.42942,-32.8811],[-71.42467,-32.88098],[-71.42121,-32.88018],[-71.41921,-32.87674],[-71.41623,-32.87393],[-71.4108,-32.87337],[-71.40632,-32.87197],[-71.40433,-32.87101],[-71.4018,-32.86893],[-71.40171,-32.86396],[-71.40024,-32.8626],[-71.39619,-32.86176],[-71.39418,-32.86034],[-71.3903,-32.85921],[-71.38827,-32.85701],[-71.38592,-32.85736],[-71.38468,-32.85671],[-71.38288,-32.85689],[-71.37548,-32.86226],[-71.37322,-32.86275],[-71.37136,-32.86231],[-71.36812,-32.86027],[-71.36662,-32.85848],[-71.36639,-32.85711],[-71.36234,-32.85695],[-71.35856,-32.85639],[-71.35712,-32.85581],[-71.35654,-32.85399],[-71.35342,-32.8503],[-71.35112,-32.84575],[-71.35067,-32.84196],[-71.3484,-32.83999],[-71.34558,-32.83932],[-71.34114,-32.83965],[-71.33817,-32.83927],[-71.33715,-32.83858],[-71.33261,-32.8378],[-71.33012,-32.83612],[-71.32747,-32.83299],[-71.32714,-32.8321],[-71.32527,-32.83154],[-71.32215,-32.83319],[-71.31971,-32.83305],[-71.318,-32.83176],[-71.31408,-32.8309],[-71.30632,-32.8315],[-71.30254,-32.83056],[-71.29903,-32.83026],[-71.29772,-32.83055],[-71.29373,-32.83238],[-71.28877,-32.83389],[-71.28582,-32.83441],[-71.28423,-32.8353],[-71.27932,-32.83686],[-71.27833,-32.83641],[-71.2741,-32.83634],[-71.27193,-32.8356],[-71.26782,-32.83505],[-71.26667,-32.8357],[-71.26563,-32.8384],[-71.26319,-32.84114],[-71.2594,-32.84136],[-71.25743,-32.84098],[-71.25019,-32.8406],[-71.24256,-32.84156],[-71.23899,-32.84258],[-71.23983,-32.8462],[-71.23911,-32.84879],[-71.23853,-32.85281],[-71.23892,-32.85448],[-71.235,-32.85565],[-71.23536,-32.85671],[-71.23053,-32.85814],[-71.22936,-32.85796],[-71.22252,-32.85926],[-71.21798,-32.85989],[-71.21175,-32.85956]]]]}},{"type":"Feature","properties":{"cut":5502,"nombre":"La Calera","provincia":"Quillota"},"geometry":{"type":"MultiPolygon","coordinates":[[[[-71.22991,-32.78902],[-71.22892,-32.78822],[-71.22712,-32.78812],[-71.22505,-32.78545],[-71.22268,-32.78346],[-71.22182,-32.78086],[-71.21821,-32.77882],[-71.21584,-32.77848],[-71.21331,-32.77667],[-71.21128,-32.77699],[-71.20596,-32.77394],[-71.20223,-32.77147],[-71.20031,-32.76946],[-71.1993,-32.76719],[-71.19809,-32.76601],[-71.1938,-32.76445],[-71.19342,-32.7656],[-71.17936,-32.76565],[-71.16576,-32.76551],[-71.16574,-32.76245],[-71.15907,-32.76088],[-71.15911,-32.76264],[-71.15693,-32.76339],[-71.14915,-32.76357],[-71.14775,-32.76427],[-71.14616,-32.76601],[-71.14026,-32.76838],[-71.13776,-32.77004],[-71.13493,-32.76995],[-71.12965,-32.7686],[-71.1278,-32.76692],[-71.12656,-32.76441],[-71.12611,-32.76208],[-71.12485,-32.76153],[-71.12025,-32.75784],[-71.11858,-32.75522],[-71.11612,-32.75364],[-71.11466,-32.75186],[-71.11051,-32.75064],[-71.10923,-32.74929],[-71.10635,-32.75104],[-71.10084,-32.75223],[-71.09881,-32.75222],[-71.09523,-32.75118],[-71.09177,-32.7515],[-71.0891,-32.75336],[-71.08758,-32.75367],[-71.08516,-32.75754],[-71.08444,-32.76086],[-71.08549,-32.76572],[-71.08651,-32.76866],[-71.08561,-32.77165],[-71.08923,-32.77424],[-71.09014,-32.77635],[-71.09342,-32.77881],[-71.09488,-32.78093],[-71.09663,-32.78232],[-71.10013,-32.78931],[-71.10101,-32.79029],[-71.10423,-32.78959],[-71.10693,-32.79074],[-71.10732,-32.79222],[-71.11005,-32.79678],[-71.11434,-32.7967],[-71.11585,-32.79607],[-71.12009,-32.79531],[-71.12372,-32.79424],[-71.12598,-32.79323],[-71.13018,-32.79307],[-71.1319,-32.79212],[-71.13445,-32.7917],[-71.13608,-32.78942],[-71.13851,-32.78809],[-71.14084,-32.78787],[-71.14962,-32.78564],[-71.15146,-32.78501],[-71.15274,-32.78389],[-71.15673,-32.78635],[-71.1568,-32.78271],[-71.15983,-32.77934],[-71.16265,-32.77888],[-71.16453,-32.78226],[-71.16975,-32.78603],[-71.17325,-32.78896],[-71.17601,-32.79053],[-71.18011,-32.79143],[-71.17853,-32.79484],[-71.17495,-32.79896],[-71.17196,-32.80616],[-71.17088,-32.80748],[-71.16967,-32.8101],[-71.168,-32.81107],[-71.16677,-32.81293],[-71.15922,-32.81586],[-71.15806,-32.81803],[-71.15812,-32.82054],[-71.15729,-32.82168],[-71.15473,-32.82315],[-71.15354,-32.82452],[-71.15248,-32.82801],[-71.14989,-32.82846],[-71.14564,-32.83037],[-71.14263,-32.83324],[-71.14089,-32.83706],[-71.13853,-32.83835],[-71.13847,-32.84006],[-71.13728,-32.84124],[-71.13547,-32.84127],[-71.13265,-32.84329],[-71.13016,-32.84329],[-71.12776,-32.84534],[-71.12882,-32.84737],[-71.13063,-32.84946],[-71.13254,-32.85082],[-71.13772,-32.85273],[-71.14231,-32.85583],[-71.14511,-32.85997],[-71.14602,-32.86253],[-71.14634,-32.86581],[-71.14549,-32.86734],[-71.14806,-32.86605],[-71.15613,-32.86435],[-71.15666,-32.86402],[-71.1568,-32.86134],[-71.15875,-32.85595],[-71.15926,-32.85288],[-71.16053,-32.84957],[-71.16141,-32.84863],[-71.1634,-32.84494],[-71.16335,-32.84187],[-71.16576,-32.83707],[-71.16913,-32.83483],[-71.1729,-32.83283],[-71.17512,-32.82926],[-71.1813,-32.82718],[-71.18284,-32.82563],[-71.18608,-32.82421],[-71.18855,-32.82169],[-71.19299,-32.81971],[-71.19443,-32.81683],[-71.19356,-32.81465],[-71.21125,-32.80023],[-71.21455,-32.79845],[-71.22481,-32.79229],[-71.22991,-32.78902]]]]}},{"type":"Feature","properties":{"cut":5503,"nombre":"Hijuelas","provincia":"Quillota"},"geometry":{"type":"MultiPolygon","coordinates":[[[[-71.01605,-32.9777],[-71.01756,-32.97931],[-71.01773,-32.97953],[-71.01912,-32.98008],[-71.02131,-32.9821],[-71.02157,-32.98247],[-71.02284,-32.98511],[-71.02635,-32.98762],[-71.02776,-32.98905],[-71.03035,-32.98873],[-71.03384,-32.98885],[-71.03748,-32.99031],[-71.0415,-32.99064],[-71.04673,-32.98991],[-71.05379,-32.98602],[-71.0591,-32.98423],[-71.0626,-32.98449],[-71.06483,-32.98531],[-71.06776,-32.98448],[-71.0706,-32.98471],[-71.0728,-32.98306],[-71.07692,-32.98179],[-71.07756,-32.97902],[-71.07906,-32.97743],[-71.08155,-32.97693],[-71.08533,-32.97751],[-71.08841,-32.97937],[-71.09054,-32.97943],[-71.09683,-32.97771],[-71.09992,-32.9766],[-71.10227,-32.97463],[-71.10309,-32.97227],[-71.10708,-32.97013],[-71.11013,-32.96787],[-71.11254,-32.96558],[-71.11342,-32.96354],[-71.11693,-32.95989],[-71.11766,-32.95836],[-71.11783,-32.95619],[-71.11951,-32.95465],[-71.12073,-32.94984],[-71.12224,-32.94908],[-71.12534,-32.94884],[-71.12783,-32.94797],[-71.13078,-32.94548],[-71.13336,-32.94406],[-71.14192,-32.94156],[-71.14282,-32.94021],[-71.14349,-32.93638],[-71.14422,-32.93499],[-71.1466,-32.9321],[-71.15001,-32.93075],[-71.1519,-32.92951],[-71.15135,-32.92704],[-71.15058,-32.92593],[-71.14964,-32.92274],[-71.14698,-32.91927],[-71.14666,-32.91756],[-71.14537,-32.91586],[-71.14614,-32.91347],[-71.14649,-32.90867],[-71.14607,-32.90556],[-71.14387,-32.90336],[-71.14527,-32.9002],[-71.14524,-32.89815],[-71.14583,-32.89688],[-71.14564,-32.89314],[-71.14431,-32.89144],[-71.14343,-32.88755],[-71.1461,-32.88252],[-71.14762,-32.87695],[-71.14733,-32.87351],[-71.14542,-32.86791],[-71.14549,-32.86734],[-71.14634,-32.86581],[-71.14602,-32.86253],[-71.14511,-32.85997],[-71.14231,-32.85583],[-71.13772,-32.85273],[-71.13254,-32.85082],[-71.13063,-32.84946],[-71.12882,-32.84737],[-71.12776,-32.84534],[-71.13016,-32.84329],[-71.13265,-32.84329],[-71.13547,-32.84127],[-71.13728,-32.84124],[-71.13847,-32.84006],[-71.13853,-32.83835],[-71.14089,-32.83706],[-71.14263,-32.83324],[-71.14564,-32.83037],[-71.14989,-32.82846],[-71.15248,-32.82801],[-71.15354,-32.82452],[-71.15473,-32.82315],[-71.15729,-32.82168],[-71.15812,-32.82054],[-71.15806,-32.81803],[-71.15922,-32.81586],[-71.16677,-32.81293],[-71.168,-32.81107],[-71.16967,-32.8101],[-71.17088,-32.80748],[-71.17196,-32.80616],[-71.17495,-32.79896],[-71.17853,-32.79484],[-71.18011,-32.79143],[-71.17601,-32.79053],[-71.17325,-32.78896],[-71.16975,-32.78603],[-71.16453,-32.78226],[-71.16265,-32.77888],[-71.15983,-32.77934],[-71.1568,-32.78271],[-71.15673,-32.78635],[-71.15274,-32.78389],[-71.15146,-32.78501],[-71.14962,-32.78564],[-71.14084,-32.78787],[-71.13851,-32.78809],[-71.13608,-32.78942],[-71.13445,-32.7917],[-71.1319,-32.79212],[-71.13018,-32.79307],[-71.12598,-32.79323],[-71.12372,-32.79424],[-71.12009,-32.79531],[-71.11585,-32.79607],[-71.11434,-32.7967],[-71.11005,-32.79678],[-71.10732,-32.79222],[-71.10693,-32.79074],[-71.10423,-32.78959],[-71.10101,-32.79029],[-71.10013,-32.78931],[-71.09663,-32.78232],[-71.09488,-32.78093],[-71.09342,-32.77881],[-71.09014,-32.77635],[-71.08923,-32.77424],[-71.08561,-32.77165],[-71.08651,-32.76866],[-71.08549,-32.76572],[-71.08444,-32.76086],[-71.08516,-32.75754],[-71.08758,-32.75367],[-71.08555,-32.75342],[-71.08264,-32.75199],[-71.08113,-32.75025],[-71.07772,-32.7443],[-71.07497,-32.74248],[-71.07032,-32.74156],[-71.06836,-32.73987],[-71.06386,-32.73818],[-71.05986,-32.73591],[-71.05524,-32.73603],[-71.05393,-32.73636],[-71.05319,-32.73778],[-71.05337,-32.74064],[-71.05272,-32.74175],[-71.05049,-32.74317],[-71.04948,-32.74819],[-71.04816,-32.75213],[-71.04672,-32.75363],[-71.04504,-32.75657],[-71.04355,-32.76176],[-71.04148,-32.76266],[-71.03993,-32.76397],[-71.03899,-32.76699],[-71.03613,-32.77052],[-71.03416,-32.77177],[-71.03181,-32.77538],[-71.0273,-32.77808],[-71.0237,-32.781],[-71.01989,-32.78258],[-71.01878,-32.78449],[-71.01865,-32.78611],[-71.01715,-32.78752],[-71.01606,-32.79168],[-71.0155,-32.79539],[-71.01698,-32.79851],[-71.0165,-32.7999],[-71.0166,-32.8041],[-71.01523,-32.80608],[-71.01507,-32.81039],[-71.01207,-32.8124],[-71.00998,-32.8151],[-71.00934,-32.81669],[-71.00962,-32.81911],[-71.00924,-32.82119],[-71.00666,-32.82429],[-71.00387,-32.82595],[-71.00206,-32.82866],[-71.00489,-32.83223],[-71.00573,-32.83432],[-71.00941,-32.83512],[-71.01039,-32.83618],[-71.01102,-32.83818],[-71.01431,-32.84033],[-71.01639,-32.84074],[-71.02115,-32.8399],[-71.02209,-32.83948],[-71.02742,-32.83938],[-71.02996,-32.83871],[-71.03352,-32.83663],[-71.03816,-32.83539],[-71.03933,-32.83535],[-71.0401,-32.83686],[-71.03882,-32.83994],[-71.03875,-32.84199],[-71.04011,-32.84464],[-71.03928,-32.85042],[-71.03569,-32.85377],[-71.03488,-32.85545],[-71.0347,-32.85896],[-71.03331,-32.86471],[-71.03427,-32.86975],[-71.03463,-32.87415],[-71.03517,-32.87553],[-71.03805,-32.8803],[-71.03842,-32.88172],[-71.03706,-32.88305],[-71.0367,-32.88468],[-71.03434,-32.88777],[-71.0328,-32.89171],[-71.0317,-32.89335],[-71.02862,-32.90081],[-71.02883,-32.90477],[-71.02976,-32.90618],[-71.03056,-32.91015],[-71.03071,-32.9143],[-71.03029,-32.92046],[-71.03056,-32.92396],[-71.03026,-32.92554],[-71.02746,-32.92673],[-71.02503,-32.92925],[-71.02212,-32.93044],[-71.02106,-32.93131],[-71.02023,-32.93443],[-71.01869,-32.93665],[-71.01681,-32.93816],[-71.01666,-32.9394],[-71.01545,-32.94061],[-71.01254,-32.94228],[-71.00679,-32.94771],[-71.0058,-32.94906],[-71.00511,-32.95127],[-71.00541,-32.95357],[-71.00813,-32.95451],[-71.01202,-32.95664],[-71.01223,-32.95821],[-71.01199,-32.9627],[-71.01119,-32.96467],[-71.01159,-32.96743],[-71.01324,-32.9705],[-71.01381,-32.97559],[-71.01423,-32.97676],[-71.01605,-32.9777]]]]}},{"type":"Feature","properties":{"cut":5504,"nombre":"La Cruz","provincia":"Quillota"},"geometry":{"type":"MultiPolygon","coordinates":[[[[-71.22991,-32.78902],[-71.22481,-32.79229],[-71.21455,-32.79845],[-71.21125,-32.80023],[-71.19356,-32.81465],[-71.19443,-32.81683],[-71.19299,-32.81971],[-71.18855,-32.82169],[-71.18608,-32.82421],[-71.18284,-32.82563],[-71.1813,-32.82718],[-71.17512,-32.82926],[-71.1729,-32.83283],[-71.16913,-32.83483],[-71.16576,-32.83707],[-71.16335,-32.84187],[-71.1634,-32.84494],[-71.16141,-32.84863],[-71.16053,-32.84957],[-71.15926,-32.85288],[-71.15875,-32.85595],[-71.1568,-32.86134],[-71.15666,-32.86402],[-71.15613,-32.86435],[-71.14806,-32.86605],[-71.14549,-32.86734],[-71.14542,-32.86791],[-71.14941,-32.86652],[-71.15234,-32.86614],[-71.15672,-32.86492],[-71.1602,-32.86498],[-71.16222,-32.86404],[-71.16612,-32.86411],[-71.16851,-32.86693],[-71.17044,-32.86742],[-71.17542,-32.86753],[-71.17908,-32.86708],[-71.18164,-32.86925],[-71.18503,-32.86965],[-71.18821,-32.86786],[-71.19042,-32.8673],[-71.19361,-32.86546],[-71.19935,-32.86359],[-71.20067,-32.86254],[-71.20065,-32.86244],[-71.20083,-32.86183],[-71.20402,-32.86035],[-71.20496,-32.85943],[-71.20825,-32.85919],[-71.21167,-32.85956],[-71.21175,-32.85956],[-71.21798,-32.85989],[-71.22252,-32.85926],[-71.22936,-32.85796],[-71.23053,-32.85814],[-71.23536,-32.85671],[-71.235,-32.85565],[-71.23892,-32.85448],[-71.23853,-32.85281],[-71.23911,-32.84879],[-71.23983,-32.8462],[-71.23899,-32.84258],[-71.24256,-32.84156],[-71.25019,-32.8406],[-71.25743,-32.84098],[-71.2594,-32.84136],[-71.26319,-32.84114],[-71.26563,-32.8384],[-71.26667,-32.8357],[-71.26782,-32.83505],[-71.27193,-32.8356],[-71.2741,-32.83634],[-71.27833,-32.83641],[-71.27932,-32.83686],[-71.28423,-32.8353],[-71.28582,-32.83441],[-71.28877,-32.83389],[-71.29373,-32.83238],[-71.29772,-32.83055],[-71.29903,-32.83026],[-71.30254,-32.83056],[-71.30632,-32.8315],[-71.31408,-32.8309],[-71.318,-32.83176],[-71.31971,-32.83305],[-71.32215,-32.83319],[-71.32527,-32.83154],[-71.32714,-32.8321],[-71.32689,-32.83073],[-71.32846,-32.82873],[-71.33033,-32.82755],[-71.32898,-32.82367],[-71.32727,-32.82077],[-71.32694,-32.81874],[-71.32309,-32.81486],[-71.32155,-32.81384],[-71.32056,-32.81072],[-71.31626,-32.81017],[-71.31305,-32.80722],[-71.31002,-32.805],[-71.30725,-32.80406],[-71.30407,-32.8002],[-71.30312,-32.79758],[-71.30321,-32.79488],[-71.30558,-32.79109],[-71.30536,-32.78945],[-71.304,-32.78804],[-71.30048,-32.78796],[-71.29777,-32.78714],[-71.29429,-32.78524],[-71.29304,-32.784],[-71.29146,-32.78292],[-71.28807,-32.78301],[-71.28642,-32.78248],[-71.28484,-32.78051],[-71.28287,-32.78074],[-71.27931,-32.78021],[-71.27718,-32.7791],[-71.27609,-32.77915],[-71.26574,-32.784],[-71.26116,-32.78833],[-71.2608,-32.78967],[-71.261,-32.79315],[-71.25698,-32.79816],[-71.25638,-32.80113],[-71.25539,-32.80243],[-71.24889,-32.80646],[-71.24796,-32.80762],[-71.24398,-32.8102],[-71.24241,-32.81178],[-71.24238,-32.80738],[-71.24304,-32.80504],[-71.24225,-32.80224],[-71.23896,-32.79898],[-71.23808,-32.79772],[-71.23882,-32.79579],[-71.23857,-32.79465],[-71.23651,-32.79273],[-71.23118,-32.79124],[-71.22991,-32.78902]]]]}},{"type":"Feature","properties":{"cut":5506,"nombre":"Nogales","provincia":"Quillota"},"geometry":{"type":"MultiPolygon","coordinates":[[[[-71.06499,-32.59506],[-71.064,-32.59579],[-71.06385,-32.59937],[-71.05466,-32.6001],[-71.05493,-32.6043],[-71.05613,-32.60528],[-71.05958,-32.60626],[-71.05994,-32.60717],[-71.05965,-32.60983],[-71.05998,-32.61149],[-71.06144,-32.61331],[-71.0612,-32.61421],[-71.0564,-32.61664],[-71.05655,-32.62306],[-71.0553,-32.62626],[-71.05183,-32.62894],[-71.04955,-32.63188],[-71.04583,-32.63459],[-71.04669,-32.6349],[-71.05057,-32.63477],[-71.05239,-32.6356],[-71.05501,-32.63895],[-71.05506,-32.64035],[-71.05301,-32.64409],[-71.05176,-32.64896],[-71.05011,-32.65166],[-71.04841,-32.65273],[-71.04343,-32.65432],[-71.04159,-32.65742],[-71.04305,-32.65931],[-71.04304,-32.66221],[-71.03909,-32.66504],[-71.03702,-32.66693],[-71.03704,-32.66782],[-71.03518,-32.67023],[-71.03334,-32.67141],[-71.0339,-32.67347],[-71.03514,-32.6749],[-71.03531,-32.67718],[-71.03462,-32.67853],[-71.03608,-32.68002],[-71.03693,-32.68309],[-71.03998,-32.68539],[-71.04017,-32.68708],[-71.04134,-32.68845],[-71.04375,-32.68981],[-71.0445,-32.69143],[-71.04345,-32.6937],[-71.04203,-32.69497],[-71.03993,-32.69995],[-71.04347,-32.70268],[-71.04454,-32.70456],[-71.04477,-32.70632],[-71.04448,-32.71087],[-71.04556,-32.71428],[-71.04655,-32.71622],[-71.04712,-32.71934],[-71.04557,-32.72208],[-71.04392,-32.72362],[-71.04282,-32.7279],[-71.04345,-32.73037],[-71.04483,-32.73298],[-71.04511,-32.73467],[-71.04621,-32.7359],[-71.04808,-32.73649],[-71.05393,-32.73636],[-71.05524,-32.73603],[-71.05986,-32.73591],[-71.06386,-32.73818],[-71.06836,-32.73987],[-71.07032,-32.74156],[-71.07497,-32.74248],[-71.07772,-32.7443],[-71.08113,-32.75025],[-71.08264,-32.75199],[-71.08555,-32.75342],[-71.08758,-32.75367],[-71.0891,-32.75336],[-71.09177,-32.7515],[-71.09523,-32.75118],[-71.09881,-32.75222],[-71.10084,-32.75223],[-71.10635,-32.75104],[-71.10923,-32.74929],[-71.11051,-32.75064],[-71.11466,-32.75186],[-71.11612,-32.75364],[-71.11858,-32.75522],[-71.12025,-32.75784],[-71.12485,-32.76153],[-71.12611,-32.76208],[-71.12656,-32.76441],[-71.1278,-32.76692],[-71.12965,-32.7686],[-71.13493,-32.76995],[-71.13776,-32.77004],[-71.14026,-32.76838],[-71.14616,-32.76601],[-71.14775,-32.76427],[-71.14915,-32.76357],[-71.15693,-32.76339],[-71.15911,-32.76264],[-71.15907,-32.76088],[-71.16574,-32.76245],[-71.16576,-32.76551],[-71.17936,-32.76565],[-71.19342,-32.7656],[-71.1938,-32.76445],[-71.19809,-32.76601],[-71.1993,-32.76719],[-71.20031,-32.76946],[-71.20223,-32.77147],[-71.20596,-32.77394],[-71.21128,-32.77699],[-71.21331,-32.77667],[-71.21584,-32.77848],[-71.21821,-32.77882],[-71.22182,-32.78086],[-71.22268,-32.78346],[-71.22505,-32.78545],[-71.22712,-32.78812],[-71.22892,-32.78822],[-71.22991,-32.78902],[-71.23118,-32.79124],[-71.23651,-32.79273],[-71.23857,-32.79465],[-71.23882,-32.79579],[-71.23808,-32.79772],[-71.23896,-32.79898],[-71.24225,-32.80224],[-71.24304,-32.80504],[-71.24238,-32.80738],[-71.24241,-32.81178],[-71.24398,-32.8102],[-71.24796,-32.80762],[-71.24889,-32.80646],[-71.25539,-32.80243],[-71.25638,-32.80113],[-71.25698,-32.79816],[-71.261,-32.79315],[-71.2608,-32.78967],[-71.26116,-32.78833],[-71.26574,-32.784],[-71.27609,-32.77915],[-71.27718,-32.7791],[-71.27931,-32.78021],[-71.28287,-32.78074],[-71.28484,-32.78051],[-71.28642,-32.78248],[-71.28807,-32.78301],[-71.29146,-32.78292],[-71.29304,-32.784],[-71.294,-32.78362],[-71.29527,-32.78175],[-71.29528,-32.77906],[-71.2936,-32.77143],[-71.29205,-32.76942],[-71.29318,-32.76748],[-71.29972,-32.76477],[-71.30031,-32.76412],[-71.2988,-32.7617],[-71.29548,-32.75844],[-71.29966,-32.75429],[-71.30354,-32.75293],[-71.31419,-32.74768],[-71.3149,-32.74597],[-71.31299,-32.74319],[-71.31268,-32.74074],[-71.31284,-32.73774],[-71.31338,-32.73534],[-71.31297,-32.73379],[-71.31141,-32.73317],[-71.30793,-32.733],[-71.30724,-32.73057],[-71.30561,-32.72793],[-71.30579,-32.72585],[-71.30247,-32.72448],[-71.29926,-32.72277],[-71.29116,-32.71942],[-71.28961,-32.71807],[-71.2866,-32.7169],[-71.28426,-32.71532],[-71.28345,-32.7133],[-71.28054,-32.71003],[-71.28021,-32.70734],[-71.27834,-32.7063],[-71.27828,-32.70286],[-71.27739,-32.70124],[-71.27825,-32.69768],[-71.28059,-32.69639],[-71.28491,-32.69528],[-71.28706,-32.69375],[-71.2873,-32.69238],[-71.28973,-32.69048],[-71.29567,-32.68727],[-71.29909,-32.68627],[-71.30458,-32.68632],[-71.30902,-32.68544],[-71.3135,-32.68394],[-71.31765,-32.68206],[-71.31867,-32.67952],[-71.31835,-32.67746],[-71.31887,-32.67627],[-71.31637,-32.67508],[-71.31595,-32.67349],[-71.31476,-32.67292],[-71.31009,-32.67276],[-71.30678,-32.6702],[-71.30236,-32.66795],[-71.30086,-32.66622],[-71.29836,-32.66583],[-71.29497,-32.66426],[-71.29419,-32.66296],[-71.29338,-32.6545],[-71.29194,-32.65272],[-71.29007,-32.65197],[-71.28454,-32.65148],[-71.27828,-32.64794],[-71.27935,-32.64468],[-71.27919,-32.64282],[-71.28049,-32.63931],[-71.28005,-32.63664],[-71.27701,-32.63552],[-71.27517,-32.63403],[-71.27139,-32.63371],[-71.26638,-32.63478],[-71.26229,-32.63373],[-71.26055,-32.63131],[-71.25728,-32.62948],[-71.25463,-32.63016],[-71.25249,-32.63025],[-71.25097,-32.62974],[-71.24547,-32.62537],[-71.24445,-32.62186],[-71.24276,-32.6212],[-71.2423,-32.619],[-71.24302,-32.61771],[-71.24322,-32.61544],[-71.24006,-32.61447],[-71.23905,-32.61351],[-71.23806,-32.60919],[-71.23611,-32.60615],[-71.23121,-32.60391],[-71.22733,-32.60482],[-71.22544,-32.60425],[-71.21821,-32.6034],[-71.21557,-32.60335],[-71.21203,-32.60276],[-71.20858,-32.60338],[-71.2064,-32.6044],[-71.20234,-32.60475],[-71.20112,-32.60427],[-71.19945,-32.60479],[-71.19504,-32.60462],[-71.1891,-32.60105],[-71.18514,-32.60004],[-71.1826,-32.59827],[-71.17998,-32.59767],[-71.17403,-32.59746],[-71.17303,-32.59664],[-71.17215,-32.59396],[-71.17035,-32.59374],[-71.16624,-32.59161],[-71.16171,-32.59129],[-71.15936,-32.59195],[-71.15733,-32.59393],[-71.15642,-32.59671],[-71.15397,-32.59934],[-71.14947,-32.60264],[-71.14655,-32.60343],[-71.14156,-32.60924],[-71.14073,-32.61101],[-71.1379,-32.61105],[-71.13629,-32.61219],[-71.13216,-32.61281],[-71.12882,-32.61453],[-71.12271,-32.61426],[-71.12185,-32.61474],[-71.12169,-32.61705],[-71.11913,-32.61968],[-71.11748,-32.61906],[-71.11294,-32.61818],[-71.11007,-32.61678],[-71.1085,-32.61718],[-71.1055,-32.62009],[-71.09971,-32.62008],[-71.09526,-32.61913],[-71.09238,-32.6194],[-71.08963,-32.621],[-71.08802,-32.62096],[-71.08334,-32.61803],[-71.08101,-32.61726],[-71.08015,-32.61497],[-71.08026,-32.6125],[-71.07818,-32.60871],[-71.07706,-32.60767],[-71.07664,-32.60525],[-71.07794,-32.60346],[-71.07865,-32.60144],[-71.07857,-32.59968],[-71.07721,-32.59601],[-71.07471,-32.59478],[-71.06911,-32.59345],[-71.06788,-32.59361],[-71.06499,-32.59506]]]]}},{"type":"Feature","properties":{"cut":5601,"nombre":"San Antonio","provincia":"San Antonio"},"geometry":{"type":"MultiPolygon","coordinates":[[[[-71.62754,-33.55208],[-71.62718,-33.55221],[-71.62668,-33.5523],[-71.62565,-33.55331],[-71.62351,-33.55409],[-71.62076,-33.55434],[-71.61847,-33.55616],[-71.61731,-33.55648],[-71.61153,-33.5592],[-71.608,-33.55889],[-71.60516,-33.56007],[-71.60201,-33.56073],[-71.59831,-33.56228],[-71.59401,-33.56183],[-71.58938,-33.56168],[-71.58285,-33.56194],[-71.58146,-33.56276],[-71.57946,-33.56255],[-71.57297,-33.5591],[-71.56921,-33.55884],[-71.56705,-33.55932],[-71.54955,-33.5641],[-71.53831,-33.56694],[-71.53493,-33.5676],[-71.51795,-33.5715],[-71.51436,-33.5731],[-71.50765,-33.5778],[-71.50027,-33.57667],[-71.49875,-33.57705],[-71.49091,-33.57549],[-71.48836,-33.57647],[-71.47627,-33.57823],[-71.47267,-33.57968],[-71.47195,-33.58117],[-71.46685,-33.58223],[-71.46412,-33.58321],[-71.46177,-33.58518],[-71.45932,-33.58552],[-71.45725,-33.58689],[-71.45653,-33.58852],[-71.45292,-33.58967],[-71.45171,-33.59139],[-71.44875,-33.59243],[-71.44745,-33.59197],[-71.44391,-33.59351],[-71.44213,-33.59467],[-71.43782,-33.59579],[-71.43743,-33.59658],[-71.43312,-33.59765],[-71.43071,-33.59956],[-71.42726,-33.60098],[-71.42361,-33.60287],[-71.42214,-33.6026],[-71.4217,-33.60389],[-71.42026,-33.60455],[-71.41665,-33.60786],[-71.41189,-33.60953],[-71.41019,-33.60956],[-71.40803,-33.60808],[-71.40722,-33.60613],[-71.40487,-33.60502],[-71.40405,-33.60303],[-71.40265,-33.60109],[-71.40031,-33.59927],[-71.39711,-33.59801],[-71.39255,-33.59869],[-71.386,-33.59528],[-71.38449,-33.59258],[-71.38331,-33.59236],[-71.38105,-33.59333],[-71.37662,-33.59239],[-71.37364,-33.59274],[-71.37173,-33.59155],[-71.37162,-33.58944],[-71.36832,-33.58676],[-71.36751,-33.58505],[-71.3663,-33.58058],[-71.3638,-33.5794],[-71.3597,-33.57948],[-71.35596,-33.57798],[-71.3535,-33.57778],[-71.34965,-33.57638],[-71.34654,-33.57649],[-71.34446,-33.5755],[-71.34149,-33.57504],[-71.33926,-33.57533],[-71.33514,-33.57683],[-71.32907,-33.58193],[-71.32906,-33.58354],[-71.32954,-33.5846],[-71.33203,-33.58558],[-71.33174,-33.58784],[-71.33192,-33.59447],[-71.33345,-33.5968],[-71.33415,-33.59884],[-71.33604,-33.60151],[-71.33572,-33.6048],[-71.33591,-33.6074],[-71.33854,-33.60932],[-71.33995,-33.6115],[-71.34449,-33.61239],[-71.34599,-33.61369],[-71.34662,-33.61535],[-71.34811,-33.6162],[-71.3488,-33.61757],[-71.35262,-33.61803],[-71.35376,-33.61865],[-71.35446,-33.62089],[-71.35715,-33.62246],[-71.35964,-33.6234],[-71.36181,-33.62355],[-71.36667,-33.62297],[-71.36921,-33.62356],[-71.37367,-33.62166],[-71.3769,-33.62159],[-71.37908,-33.62195],[-71.38228,-33.62306],[-71.38418,-33.62587],[-71.38379,-33.62883],[-71.38228,-33.63151],[-71.38221,-33.63337],[-71.38307,-33.63488],[-71.38461,-33.63539],[-71.38724,-33.63907],[-71.39149,-33.64012],[-71.39428,-33.64124],[-71.39549,-33.64259],[-71.39652,-33.64552],[-71.39545,-33.64937],[-71.39622,-33.65406],[-71.39588,-33.65662],[-71.39822,-33.65815],[-71.39897,-33.66],[-71.39849,-33.66173],[-71.39977,-33.66347],[-71.4016,-33.66363],[-71.40532,-33.66233],[-71.41046,-33.65948],[-71.41332,-33.65864],[-71.41871,-33.65834],[-71.42011,-33.66028],[-71.42225,-33.66092],[-71.42693,-33.66049],[-71.43053,-33.66331],[-71.43092,-33.66463],[-71.43109,-33.6685],[-71.43394,-33.67188],[-71.43367,-33.67474],[-71.43501,-33.67739],[-71.43765,-33.67935],[-71.43792,-33.68273],[-71.43714,-33.68432],[-71.43523,-33.68529],[-71.43278,-33.68578],[-71.42703,-33.68594],[-71.42142,-33.68679],[-71.42067,-33.68859],[-71.42204,-33.68935],[-71.42382,-33.69388],[-71.42457,-33.6976],[-71.42414,-33.70013],[-71.42206,-33.7014],[-71.42186,-33.70254],[-71.42001,-33.70571],[-71.42061,-33.70845],[-71.41896,-33.70824],[-71.41433,-33.71068],[-71.41052,-33.71422],[-71.40684,-33.71464],[-71.40551,-33.7155],[-71.40353,-33.71819],[-71.40091,-33.71902],[-71.39902,-33.71886],[-71.39684,-33.72052],[-71.39557,-33.72264],[-71.3957,-33.72499],[-71.39429,-33.72713],[-71.39271,-33.72731],[-71.3904,-33.72897],[-71.39015,-33.73276],[-71.39158,-33.73452],[-71.39217,-33.73667],[-71.38965,-33.73893],[-71.38573,-33.73969],[-71.38057,-33.74215],[-71.37517,-33.74431],[-71.37298,-33.74396],[-71.37125,-33.74282],[-71.37011,-33.74411],[-71.36829,-33.7443],[-71.36746,-33.74603],[-71.3644,-33.74584],[-71.36219,-33.74692],[-71.35907,-33.74675],[-71.35936,-33.75196],[-71.36213,-33.75586],[-71.36211,-33.75753],[-71.3624,-33.75835],[-71.36501,-33.76048],[-71.36827,-33.76162],[-71.36887,-33.76287],[-71.37378,-33.76399],[-71.37559,-33.76581],[-71.37968,-33.76595],[-71.38311,-33.76539],[-71.38729,-33.76783],[-71.39103,-33.76763],[-71.39172,-33.76754],[-71.39252,-33.76729],[-71.39396,-33.76683],[-71.39583,-33.76649],[-71.39709,-33.76704],[-71.39933,-33.76861],[-71.39979,-33.76947],[-71.40106,-33.77139],[-71.40491,-33.77389],[-71.40785,-33.77629],[-71.40793,-33.77627],[-71.40853,-33.77762],[-71.40917,-33.78021],[-71.40815,-33.78418],[-71.40895,-33.78518],[-71.41168,-33.78428],[-71.41335,-33.78418],[-71.41808,-33.78489],[-71.4214,-33.78674],[-71.42549,-33.78739],[-71.42877,-33.78912],[-71.43342,-33.78886],[-71.43352,-33.78862],[-71.43527,-33.78798],[-71.43842,-33.78753],[-71.44107,-33.78665],[-71.4431,-33.78718],[-71.44757,-33.78685],[-71.44938,-33.78707],[-71.45898,-33.78506],[-71.46037,-33.78367],[-71.4632,-33.7858],[-71.46601,-33.78618],[-71.46861,-33.78534],[-71.47508,-33.78444],[-71.47693,-33.78247],[-71.47846,-33.77851],[-71.48082,-33.77665],[-71.48627,-33.77413],[-71.48931,-33.77137],[-71.49463,-33.76962],[-71.49586,-33.76945],[-71.50252,-33.77005],[-71.50419,-33.77075],[-71.50501,-33.77275],[-71.50603,-33.77341],[-71.512,-33.77437],[-71.51419,-33.7741],[-71.51622,-33.77519],[-71.51858,-33.77755],[-71.52119,-33.77833],[-71.52461,-33.7764],[-71.52785,-33.77289],[-71.5281,-33.77127],[-71.5312,-33.7676],[-71.53604,-33.76412],[-71.53803,-33.76201],[-71.53886,-33.7576],[-71.54023,-33.75403],[-71.53915,-33.75131],[-71.53673,-33.7488],[-71.53652,-33.74778],[-71.53886,-33.74537],[-71.54032,-33.7451],[-71.54211,-33.74619],[-71.54472,-33.74707],[-71.54583,-33.74685],[-71.5479,-33.74528],[-71.55012,-33.7447],[-71.55304,-33.74299],[-71.55559,-33.74],[-71.55909,-33.73899],[-71.56035,-33.73803],[-71.5613,-33.73438],[-71.56125,-33.73251],[-71.56042,-33.72951],[-71.55924,-33.72733],[-71.55571,-33.72333],[-71.55522,-33.72059],[-71.55527,-33.71541],[-71.55557,-33.71152],[-71.55729,-33.70623],[-71.55894,-33.70424],[-71.55987,-33.70392],[-71.56417,-33.70433],[-71.5662,-33.70264],[-71.56731,-33.70026],[-71.56839,-33.69437],[-71.56814,-33.69182],[-71.56654,-33.68719],[-71.56852,-33.68565],[-71.57228,-33.68597],[-71.57394,-33.68451],[-71.57459,-33.68253],[-71.57512,-33.67884],[-71.57605,-33.67627],[-71.57701,-33.67507],[-71.58066,-33.67256],[-71.58244,-33.66938],[-71.58457,-33.66797],[-71.58549,-33.66237],[-71.58535,-33.65953],[-71.58604,-33.65606],[-71.58575,-33.64826],[-71.58674,-33.64728],[-71.59004,-33.64574],[-71.59084,-33.64474],[-71.59096,-33.64201],[-71.59181,-33.64096],[-71.59733,-33.63731],[-71.59878,-33.63267],[-71.59995,-33.63178],[-71.60533,-33.63113],[-71.60814,-33.62891],[-71.60934,-33.62569],[-71.61244,-33.62362],[-71.61864,-33.62285],[-71.62259,-33.62158],[-71.6271,-33.61933],[-71.63094,-33.61634],[-71.62932,-33.61242],[-71.6292,-33.61068],[-71.62704,-33.60573],[-71.62502,-33.60247],[-71.62401,-33.60147],[-71.62339,-33.59914],[-71.62212,-33.5963],[-71.62317,-33.59285],[-71.62232,-33.59172],[-71.62331,-33.58705],[-71.62242,-33.58696],[-71.62028,-33.59364],[-71.61751,-33.59449],[-71.61658,-33.59344],[-71.61602,-33.58928],[-71.61932,-33.58595],[-71.61777,-33.58524],[-71.61548,-33.58741],[-71.61378,-33.58742],[-71.61312,-33.58632],[-71.61353,-33.58293],[-71.61678,-33.58082],[-71.6188,-33.58169],[-71.62168,-33.58176],[-71.62486,-33.58041],[-71.62787,-33.57535],[-71.62829,-33.57295],[-71.62748,-33.57212],[-71.62577,-33.57213],[-71.62464,-33.57024],[-71.62585,-33.56876],[-71.6244,-33.56741],[-71.62294,-33.56473],[-71.62639,-33.56292],[-71.62535,-33.56178],[-71.62617,-33.55992],[-71.6247,-33.55895],[-71.62647,-33.55744],[-71.62684,-33.55587],[-71.62814,-33.55403],[-71.62754,-33.55208]]]]}},{"type":"Feature","properties":{"cut":5602,"nombre":"Algarrobo","provincia":"San Antonio"},"geometry":{"type":"MultiPolygon","coordinates":[[[[-71.66397,-33.27934],[-71.65844,-33.27826],[-71.65554,-33.27635],[-71.65328,-33.2743],[-71.65105,-33.269],[-71.64684,-33.26331],[-71.64512,-33.26267],[-71.64199,-33.26312],[-71.63983,-33.26438],[-71.63753,-33.26426],[-71.63629,-33.26269],[-71.63523,-33.26242],[-71.63393,-33.26564],[-71.6329,-33.26637],[-71.63071,-33.26642],[-71.62904,-33.26721],[-71.62676,-33.2669],[-71.62508,-33.26756],[-71.61992,-33.26709],[-71.6182,-33.26603],[-71.61877,-33.2651],[-71.61727,-33.26358],[-71.61686,-33.25977],[-71.61584,-33.25891],[-71.61151,-33.2568],[-71.61001,-33.25662],[-71.60893,-33.2556],[-71.60754,-33.25596],[-71.6068,-33.25954],[-71.60699,-33.26105],[-71.60505,-33.26109],[-71.60193,-33.25709],[-71.59915,-33.2558],[-71.59842,-33.25641],[-71.59636,-33.25599],[-71.5957,-33.25206],[-71.5947,-33.25204],[-71.59209,-33.25339],[-71.58684,-33.25386],[-71.58689,-33.25545],[-71.58338,-33.25645],[-71.57992,-33.25954],[-71.57707,-33.26085],[-71.57631,-33.26234],[-71.57805,-33.26635],[-71.57944,-33.26783],[-71.57807,-33.2687],[-71.57564,-33.2674],[-71.57217,-33.26836],[-71.56992,-33.26652],[-71.56892,-33.26293],[-71.56733,-33.26137],[-71.56679,-33.26],[-71.56299,-33.25999],[-71.56204,-33.25804],[-71.56039,-33.25803],[-71.55827,-33.26051],[-71.55596,-33.26091],[-71.55368,-33.25815],[-71.55205,-33.25676],[-71.55111,-33.25724],[-71.55044,-33.25985],[-71.54932,-33.26097],[-71.54649,-33.26153],[-71.54122,-33.26042],[-71.53883,-33.25896],[-71.53685,-33.25925],[-71.53344,-33.26156],[-71.53027,-33.26582],[-71.5282,-33.26674],[-71.52709,-33.26798],[-71.52808,-33.26947],[-71.53026,-33.27056],[-71.52969,-33.27252],[-71.5327,-33.27468],[-71.53305,-33.27631],[-71.53494,-33.27975],[-71.53807,-33.28336],[-71.53981,-33.28823],[-71.53842,-33.29035],[-71.53809,-33.29344],[-71.53683,-33.29497],[-71.53331,-33.29576],[-71.53168,-33.29998],[-71.52827,-33.3011],[-71.52464,-33.30143],[-71.52284,-33.304],[-71.52235,-33.30611],[-71.52359,-33.31111],[-71.52357,-33.31478],[-71.52576,-33.31792],[-71.52373,-33.32087],[-71.5272,-33.32234],[-71.52786,-33.32344],[-71.52821,-33.32595],[-71.52701,-33.32794],[-71.52717,-33.3316],[-71.52934,-33.33357],[-71.53082,-33.33709],[-71.53105,-33.34062],[-71.53241,-33.34367],[-71.53289,-33.34644],[-71.53543,-33.34982],[-71.53939,-33.35889],[-71.55038,-33.37222],[-71.55075,-33.3799],[-71.54806,-33.39064],[-71.54745,-33.39519],[-71.55017,-33.39593],[-71.55426,-33.39562],[-71.55858,-33.39444],[-71.5637,-33.39461],[-71.56754,-33.39313],[-71.57008,-33.39335],[-71.57416,-33.39141],[-71.57775,-33.39066],[-71.57924,-33.3899],[-71.58024,-33.38762],[-71.58384,-33.38878],[-71.5844,-33.38999],[-71.58375,-33.39138],[-71.58448,-33.39397],[-71.58665,-33.39566],[-71.58841,-33.39915],[-71.58915,-33.39979],[-71.60339,-33.39698],[-71.61158,-33.39521],[-71.61584,-33.3929],[-71.61771,-33.39713],[-71.61858,-33.39783],[-71.62603,-33.39818],[-71.6296,-33.39928],[-71.63325,-33.40099],[-71.63611,-33.40078],[-71.64057,-33.40109],[-71.64202,-33.40175],[-71.64478,-33.4021],[-71.64981,-33.40328],[-71.65163,-33.40298],[-71.65433,-33.40139],[-71.65837,-33.39987],[-71.66051,-33.39819],[-71.66225,-33.39424],[-71.66397,-33.39262],[-71.66554,-33.38808],[-71.66775,-33.3865],[-71.67035,-33.38609],[-71.67416,-33.38682],[-71.67499,-33.38803],[-71.67734,-33.38721],[-71.67779,-33.38419],[-71.68243,-33.38045],[-71.68439,-33.37852],[-71.68681,-33.37407],[-71.68992,-33.37206],[-71.69211,-33.37191],[-71.69503,-33.37244],[-71.69585,-33.3709],[-71.69308,-33.36946],[-71.69366,-33.36832],[-71.69544,-33.36702],[-71.69312,-33.36534],[-71.69001,-33.36772],[-71.68825,-33.36726],[-71.68706,-33.36604],[-71.68785,-33.36495],[-71.68627,-33.36225],[-71.68868,-33.36045],[-71.68803,-33.35924],[-71.6862,-33.36028],[-71.68631,-33.36192],[-71.68381,-33.36232],[-71.68137,-33.36492],[-71.67543,-33.36452],[-71.67312,-33.36347],[-71.67207,-33.36226],[-71.67186,-33.36058],[-71.67088,-33.36004],[-71.66771,-33.36085],[-71.66569,-33.36054],[-71.66365,-33.35828],[-71.65871,-33.35618],[-71.65615,-33.35412],[-71.65471,-33.35161],[-71.65358,-33.34864],[-71.65243,-33.34453],[-71.65157,-33.34015],[-71.65087,-33.33441],[-71.65063,-33.32877],[-71.65133,-33.32455],[-71.65217,-33.32336],[-71.65149,-33.32211],[-71.65257,-33.3202],[-71.65165,-33.31547],[-71.6524,-33.31429],[-71.652,-33.31307],[-71.6549,-33.31029],[-71.65408,-33.30779],[-71.65395,-33.30544],[-71.65225,-33.30309],[-71.65509,-33.29841],[-71.65492,-33.29562],[-71.65394,-33.29493],[-71.65617,-33.28951],[-71.65776,-33.28759],[-71.65998,-33.28365],[-71.66182,-33.28121],[-71.66397,-33.27934]]]]}},{"type":"Feature","properties":{"cut":5603,"nombre":"Cartagena","provincia":"San Antonio"},"geometry":{"type":"MultiPolygon","coordinates":[[[[-71.62718,-33.55221],[-71.62754,-33.55208],[-71.62666,-33.55144],[-71.62304,-33.55108],[-71.6212,-33.55158],[-71.61664,-33.55082],[-71.61439,-33.55104],[-71.61281,-33.54973],[-71.61097,-33.55064],[-71.60721,-33.55046],[-71.60565,-33.54828],[-71.60676,-33.54642],[-71.60491,-33.54474],[-71.60391,-33.54486],[-71.60321,-33.5431],[-71.60382,-33.53796],[-71.60451,-33.53457],[-71.60461,-33.52781],[-71.60527,-33.52583],[-71.60781,-33.52154],[-71.60688,-33.52064],[-71.60399,-33.51805],[-71.60057,-33.5194],[-71.59967,-33.51863],[-71.59756,-33.51858],[-71.59643,-33.52022],[-71.59575,-33.52274],[-71.59435,-33.52302],[-71.5915,-33.52175],[-71.58788,-33.52237],[-71.58486,-33.5214],[-71.58003,-33.52449],[-71.57911,-33.52687],[-71.57792,-33.5322],[-71.57454,-33.53104],[-71.56988,-33.53006],[-71.5635,-33.52651],[-71.56129,-33.52584],[-71.55812,-33.52571],[-71.55447,-33.52731],[-71.55327,-33.52429],[-71.55302,-33.52179],[-71.55048,-33.52106],[-71.55096,-33.5155],[-71.54846,-33.51624],[-71.54406,-33.51689],[-71.53975,-33.516],[-71.53726,-33.51482],[-71.53631,-33.51646],[-71.53465,-33.51777],[-71.5327,-33.51742],[-71.5308,-33.51844],[-71.52974,-33.51827],[-71.53013,-33.51556],[-71.52772,-33.51556],[-71.52622,-33.51426],[-71.52342,-33.51471],[-71.5219,-33.51565],[-71.52083,-33.51729],[-71.51972,-33.51756],[-71.51745,-33.51987],[-71.51067,-33.51647],[-71.50873,-33.51435],[-71.50806,-33.51152],[-71.50397,-33.50767],[-71.50238,-33.50559],[-71.50074,-33.5004],[-71.49988,-33.49909],[-71.49684,-33.49733],[-71.49585,-33.49554],[-71.49513,-33.4927],[-71.49266,-33.49064],[-71.49118,-33.48877],[-71.48931,-33.48897],[-71.48881,-33.49027],[-71.48635,-33.49024],[-71.48358,-33.48617],[-71.48505,-33.4819],[-71.48449,-33.48082],[-71.48186,-33.48172],[-71.48001,-33.47771],[-71.47743,-33.47533],[-71.47419,-33.47839],[-71.47166,-33.47933],[-71.47129,-33.48144],[-71.47006,-33.4824],[-71.46611,-33.48446],[-71.4638,-33.48454],[-71.45888,-33.48642],[-71.45768,-33.4881],[-71.45653,-33.48857],[-71.45288,-33.48755],[-71.45196,-33.48799],[-71.44916,-33.48797],[-71.44749,-33.48881],[-71.44515,-33.48789],[-71.44066,-33.48797],[-71.43698,-33.48922],[-71.43459,-33.48805],[-71.43402,-33.48669],[-71.43559,-33.48415],[-71.4353,-33.4825],[-71.43368,-33.48156],[-71.4332,-33.47979],[-71.42898,-33.47666],[-71.42632,-33.47639],[-71.42344,-33.47519],[-71.4154,-33.47496],[-71.4129,-33.47518],[-71.41085,-33.47433],[-71.40757,-33.46909],[-71.40748,-33.46594],[-71.40688,-33.46506],[-71.40403,-33.46401],[-71.40289,-33.4629],[-71.40174,-33.46332],[-71.39862,-33.46027],[-71.39594,-33.45915],[-71.39105,-33.455],[-71.38938,-33.45576],[-71.3858,-33.45629],[-71.38368,-33.45807],[-71.38039,-33.45777],[-71.37852,-33.45655],[-71.37704,-33.45703],[-71.37127,-33.45601],[-71.36793,-33.45376],[-71.36474,-33.45263],[-71.36057,-33.45186],[-71.35681,-33.45185],[-71.35571,-33.45228],[-71.35363,-33.45179],[-71.34911,-33.45257],[-71.34738,-33.45177],[-71.34504,-33.45287],[-71.34169,-33.45382],[-71.33947,-33.45532],[-71.33621,-33.45589],[-71.3365,-33.45784],[-71.33989,-33.46152],[-71.34187,-33.46403],[-71.34121,-33.46715],[-71.34198,-33.47119],[-71.33937,-33.47448],[-71.33949,-33.476],[-71.34116,-33.47823],[-71.34377,-33.48075],[-71.34474,-33.48235],[-71.34722,-33.48395],[-71.3506,-33.48925],[-71.35317,-33.49256],[-71.35245,-33.49625],[-71.34992,-33.49786],[-71.3491,-33.50002],[-71.34946,-33.50134],[-71.3515,-33.50499],[-71.34966,-33.50625],[-71.3484,-33.50862],[-71.3487,-33.51059],[-71.34833,-33.51255],[-71.34926,-33.51413],[-71.34956,-33.51719],[-71.35025,-33.51949],[-71.35002,-33.52493],[-71.35093,-33.52874],[-71.3496,-33.53014],[-71.3465,-33.5313],[-71.34462,-33.53129],[-71.34175,-33.53048],[-71.33911,-33.53216],[-71.33219,-33.53534],[-71.33186,-33.53582],[-71.33399,-33.5386],[-71.33474,-33.54126],[-71.33195,-33.54341],[-71.3307,-33.54787],[-71.33074,-33.55015],[-71.33008,-33.55173],[-71.32909,-33.55592],[-71.32901,-33.55771],[-71.32803,-33.56041],[-71.32836,-33.56335],[-71.33102,-33.56701],[-71.33053,-33.56905],[-71.3293,-33.57019],[-71.32897,-33.57246],[-71.32952,-33.57454],[-71.32914,-33.57825],[-71.3295,-33.58036],[-71.32907,-33.58193],[-71.33514,-33.57683],[-71.33926,-33.57533],[-71.34149,-33.57504],[-71.34446,-33.5755],[-71.34654,-33.57649],[-71.34965,-33.57638],[-71.3535,-33.57778],[-71.35596,-33.57798],[-71.3597,-33.57948],[-71.3638,-33.5794],[-71.3663,-33.58058],[-71.36751,-33.58505],[-71.36832,-33.58676],[-71.37162,-33.58944],[-71.37173,-33.59155],[-71.37364,-33.59274],[-71.37662,-33.59239],[-71.38105,-33.59333],[-71.38331,-33.59236],[-71.38449,-33.59258],[-71.386,-33.59528],[-71.39255,-33.59869],[-71.39711,-33.59801],[-71.40031,-33.59927],[-71.40265,-33.60109],[-71.40405,-33.60303],[-71.40487,-33.60502],[-71.40722,-33.60613],[-71.40803,-33.60808],[-71.41019,-33.60956],[-71.41189,-33.60953],[-71.41665,-33.60786],[-71.42026,-33.60455],[-71.4217,-33.60389],[-71.42214,-33.6026],[-71.42361,-33.60287],[-71.42726,-33.60098],[-71.43071,-33.59956],[-71.43312,-33.59765],[-71.43743,-33.59658],[-71.43782,-33.59579],[-71.44213,-33.59467],[-71.44391,-33.59351],[-71.44745,-33.59197],[-71.44875,-33.59243],[-71.45171,-33.59139],[-71.45292,-33.58967],[-71.45653,-33.58852],[-71.45725,-33.58689],[-71.45932,-33.58552],[-71.46177,-33.58518],[-71.46412,-33.58321],[-71.46685,-33.58223],[-71.47195,-33.58117],[-71.47267,-33.57968],[-71.47627,-33.57823],[-71.48836,-33.57647],[-71.49091,-33.57549],[-71.49875,-33.57705],[-71.50027,-33.57667],[-71.50765,-33.5778],[-71.51436,-33.5731],[-71.51795,-33.5715],[-71.53493,-33.5676],[-71.53831,-33.56694],[-71.54955,-33.5641],[-71.56705,-33.55932],[-71.56921,-33.55884],[-71.57297,-33.5591],[-71.57946,-33.56255],[-71.58146,-33.56276],[-71.58285,-33.56194],[-71.58938,-33.56168],[-71.59401,-33.56183],[-71.59831,-33.56228],[-71.60201,-33.56073],[-71.60516,-33.56007],[-71.608,-33.55889],[-71.61153,-33.5592],[-71.61731,-33.55648],[-71.61847,-33.55616],[-71.62076,-33.55434],[-71.62351,-33.55409],[-71.62565,-33.55331],[-71.62668,-33.5523],[-71.62718,-33.55221]]]]}},{"type":"Feature","properties":{"cut":5604,"nombre":"El Quisco","provincia":"San Antonio"},"geometry":{"type":"MultiPolygon","coordinates":[[[[-71.69503,-33.37244],[-71.69211,-33.37191],[-71.68992,-33.37206],[-71.68681,-33.37407],[-71.68439,-33.37852],[-71.68243,-33.38045],[-71.67779,-33.38419],[-71.67734,-33.38721],[-71.67499,-33.38803],[-71.67416,-33.38682],[-71.67035,-33.38609],[-71.66775,-33.3865],[-71.66554,-33.38808],[-71.66397,-33.39262],[-71.66225,-33.39424],[-71.66051,-33.39819],[-71.65837,-33.39987],[-71.65433,-33.40139],[-71.65163,-33.40298],[-71.64981,-33.40328],[-71.64478,-33.4021],[-71.64202,-33.40175],[-71.64057,-33.40109],[-71.63611,-33.40078],[-71.63325,-33.40099],[-71.6296,-33.39928],[-71.62603,-33.39818],[-71.61858,-33.39783],[-71.61771,-33.39713],[-71.61584,-33.3929],[-71.61158,-33.39521],[-71.60339,-33.39698],[-71.58915,-33.39979],[-71.58988,-33.40984],[-71.59049,-33.42735],[-71.59057,-33.43279],[-71.59315,-33.432],[-71.59603,-33.43205],[-71.59827,-33.43321],[-71.60125,-33.43337],[-71.60308,-33.43415],[-71.60469,-33.43592],[-71.60626,-33.43677],[-71.61029,-33.43787],[-71.61565,-33.44124],[-71.61619,-33.44089],[-71.61791,-33.44065],[-71.6213,-33.44165],[-71.62248,-33.4403],[-71.62151,-33.43853],[-71.62206,-33.43642],[-71.62414,-33.43469],[-71.62678,-33.43315],[-71.62807,-33.42954],[-71.63074,-33.42902],[-71.63475,-33.43262],[-71.63681,-33.43311],[-71.63789,-33.43457],[-71.64022,-33.43483],[-71.64147,-33.43383],[-71.64346,-33.43517],[-71.64524,-33.43355],[-71.6461,-33.43373],[-71.64696,-33.43592],[-71.64579,-33.43747],[-71.64668,-33.44078],[-71.6478,-33.44127],[-71.65008,-33.44025],[-71.65425,-33.44103],[-71.65611,-33.44186],[-71.65963,-33.44122],[-71.6616,-33.44199],[-71.66452,-33.44168],[-71.66755,-33.44299],[-71.67,-33.44325],[-71.67173,-33.44408],[-71.67547,-33.44272],[-71.67737,-33.44478],[-71.6794,-33.4456],[-71.68158,-33.44603],[-71.68465,-33.44326],[-71.6871,-33.44314],[-71.68816,-33.44172],[-71.68806,-33.44033],[-71.68892,-33.43911],[-71.69024,-33.43889],[-71.692,-33.43737],[-71.69453,-33.43746],[-71.69777,-33.43543],[-71.69766,-33.43327],[-71.70226,-33.4303],[-71.70244,-33.42897],[-71.70907,-33.42507],[-71.70911,-33.42418],[-71.70704,-33.42389],[-71.70521,-33.42568],[-71.70367,-33.42629],[-71.70232,-33.42583],[-71.7008,-33.42429],[-71.70008,-33.42136],[-71.7004,-33.41816],[-71.70218,-33.41618],[-71.70183,-33.41303],[-71.70006,-33.41183],[-71.69902,-33.40812],[-71.69978,-33.40537],[-71.69918,-33.40196],[-71.69998,-33.40045],[-71.70021,-33.3984],[-71.70247,-33.39823],[-71.70438,-33.39483],[-71.70457,-33.39336],[-71.7024,-33.39235],[-71.70043,-33.39213],[-71.69924,-33.39367],[-71.69689,-33.39438],[-71.69459,-33.39237],[-71.6943,-33.39079],[-71.69258,-33.38866],[-71.69253,-33.38783],[-71.6941,-33.38394],[-71.69491,-33.38299],[-71.69444,-33.38161],[-71.69595,-33.38017],[-71.69546,-33.37689],[-71.69428,-33.37592],[-71.69546,-33.37504],[-71.69503,-33.37244]]]]}},{"type":"Feature","properties":{"cut":5605,"nombre":"El Tabo","provincia":"San Antonio"},"geometry":{"type":"MultiPolygon","coordinates":[[[[-71.6794,-33.4456],[-71.67737,-33.44478],[-71.67547,-33.44272],[-71.67173,-33.44408],[-71.67,-33.44325],[-71.66755,-33.44299],[-71.66452,-33.44168],[-71.6616,-33.44199],[-71.65963,-33.44122],[-71.65611,-33.44186],[-71.65425,-33.44103],[-71.65008,-33.44025],[-71.6478,-33.44127],[-71.64668,-33.44078],[-71.64579,-33.43747],[-71.64696,-33.43592],[-71.6461,-33.43373],[-71.64524,-33.43355],[-71.64346,-33.43517],[-71.64147,-33.43383],[-71.64022,-33.43483],[-71.63789,-33.43457],[-71.63681,-33.43311],[-71.63475,-33.43262],[-71.63074,-33.42902],[-71.62807,-33.42954],[-71.62678,-33.43315],[-71.62414,-33.43469],[-71.62206,-33.43642],[-71.62151,-33.43853],[-71.62248,-33.4403],[-71.6213,-33.44165],[-71.61791,-33.44065],[-71.61619,-33.44089],[-71.61562,-33.44126],[-71.61477,-33.44182],[-71.61547,-33.44418],[-71.61675,-33.44516],[-71.61208,-33.44882],[-71.60884,-33.45006],[-71.60716,-33.45179],[-71.60648,-33.45334],[-71.60248,-33.45331],[-71.59828,-33.45651],[-71.5952,-33.45677],[-71.59369,-33.45885],[-71.59386,-33.46107],[-71.5919,-33.46167],[-71.58854,-33.46081],[-71.58574,-33.46067],[-71.58315,-33.46275],[-71.58194,-33.46273],[-71.57949,-33.46121],[-71.57423,-33.45875],[-71.57244,-33.45862],[-71.57034,-33.45931],[-71.5647,-33.45955],[-71.56255,-33.46036],[-71.56053,-33.46057],[-71.55825,-33.45989],[-71.55248,-33.45974],[-71.54844,-33.45861],[-71.54656,-33.45861],[-71.54422,-33.45931],[-71.54044,-33.45886],[-71.53753,-33.46147],[-71.53541,-33.46092],[-71.53552,-33.45946],[-71.53449,-33.45884],[-71.52988,-33.46136],[-71.52913,-33.46372],[-71.52524,-33.4659],[-71.52395,-33.46629],[-71.52123,-33.46586],[-71.52029,-33.46665],[-71.51934,-33.46885],[-71.51689,-33.46769],[-71.51368,-33.46741],[-71.51166,-33.46919],[-71.51213,-33.47383],[-71.511,-33.47507],[-71.50922,-33.4751],[-71.50736,-33.47413],[-71.50523,-33.47405],[-71.50342,-33.47481],[-71.50169,-33.47663],[-71.49926,-33.47607],[-71.49849,-33.47455],[-71.49678,-33.47365],[-71.493,-33.47545],[-71.49063,-33.4755],[-71.48703,-33.47254],[-71.48458,-33.47303],[-71.48492,-33.47662],[-71.48469,-33.47837],[-71.48263,-33.47889],[-71.48071,-33.47263],[-71.47911,-33.47328],[-71.47743,-33.47533],[-71.48001,-33.47771],[-71.48186,-33.48172],[-71.48449,-33.48082],[-71.48505,-33.4819],[-71.48358,-33.48617],[-71.48635,-33.49024],[-71.48881,-33.49027],[-71.48931,-33.48897],[-71.49118,-33.48877],[-71.49266,-33.49064],[-71.49513,-33.4927],[-71.49585,-33.49554],[-71.49684,-33.49733],[-71.49988,-33.49909],[-71.50074,-33.5004],[-71.50238,-33.50559],[-71.50397,-33.50767],[-71.50806,-33.51152],[-71.50873,-33.51435],[-71.51067,-33.51647],[-71.51745,-33.51987],[-71.51972,-33.51756],[-71.52083,-33.51729],[-71.5219,-33.51565],[-71.52342,-33.51471],[-71.52622,-33.51426],[-71.52772,-33.51556],[-71.53013,-33.51556],[-71.52974,-33.51827],[-71.5308,-33.51844],[-71.5327,-33.51742],[-71.53465,-33.51777],[-71.53631,-33.51646],[-71.53726,-33.51482],[-71.53975,-33.516],[-71.54406,-33.51689],[-71.54846,-33.51624],[-71.55096,-33.5155],[-71.55048,-33.52106],[-71.55302,-33.52179],[-71.55327,-33.52429],[-71.55447,-33.52731],[-71.55812,-33.52571],[-71.56129,-33.52584],[-71.5635,-33.52651],[-71.56988,-33.53006],[-71.57454,-33.53104],[-71.57792,-33.5322],[-71.57911,-33.52687],[-71.58003,-33.52449],[-71.58486,-33.5214],[-71.58788,-33.52237],[-71.5915,-33.52175],[-71.59435,-33.52302],[-71.59575,-33.52274],[-71.59643,-33.52022],[-71.59756,-33.51858],[-71.59967,-33.51863],[-71.60057,-33.5194],[-71.60399,-33.51805],[-71.60688,-33.52064],[-71.6078,-33.52154],[-71.6107,-33.51475],[-71.6138,-33.51033],[-71.61505,-33.5081],[-71.61873,-33.50325],[-71.621,-33.50158],[-71.62198,-33.50205],[-71.62512,-33.50013],[-71.6265,-33.50113],[-71.63003,-33.50107],[-71.63473,-33.50251],[-71.63604,-33.50174],[-71.63486,-33.50036],[-71.63472,-33.4984],[-71.63611,-33.49628],[-71.63767,-33.49513],[-71.6398,-33.4951],[-71.64316,-33.49393],[-71.64292,-33.49304],[-71.64084,-33.49175],[-71.64136,-33.49028],[-71.64061,-33.48942],[-71.64157,-33.48758],[-71.64536,-33.48553],[-71.64464,-33.4835],[-71.6458,-33.47933],[-71.64903,-33.47451],[-71.64962,-33.47306],[-71.65098,-33.47188],[-71.65321,-33.4684],[-71.65427,-33.46743],[-71.65844,-33.46174],[-71.66306,-33.45908],[-71.66475,-33.4593],[-71.667,-33.45855],[-71.66824,-33.45752],[-71.67063,-33.45777],[-71.67098,-33.45655],[-71.67313,-33.45476],[-71.67596,-33.45309],[-71.67554,-33.4523],[-71.67648,-33.45061],[-71.67986,-33.44874],[-71.68011,-33.44769],[-71.6794,-33.4456]]]]}},{"type":"Feature","properties":{"cut":5606,"nombre":"Santo Domingo","provincia":"San Antonio"},"geometry":{"type":"MultiPolygon","coordinates":[[[[-71.63094,-33.61634],[-71.6271,-33.61933],[-71.62259,-33.62158],[-71.61864,-33.62285],[-71.61244,-33.62362],[-71.60934,-33.62569],[-71.60814,-33.62891],[-71.60533,-33.63113],[-71.59995,-33.63178],[-71.59878,-33.63267],[-71.59733,-33.63731],[-71.59181,-33.64096],[-71.59096,-33.64201],[-71.59084,-33.64474],[-71.59004,-33.64574],[-71.58674,-33.64728],[-71.58575,-33.64826],[-71.58604,-33.65606],[-71.58535,-33.65953],[-71.58549,-33.66237],[-71.58457,-33.66797],[-71.58244,-33.66938],[-71.58066,-33.67256],[-71.57701,-33.67507],[-71.57605,-33.67627],[-71.57512,-33.67884],[-71.57459,-33.68253],[-71.57394,-33.68451],[-71.57228,-33.68597],[-71.56852,-33.68565],[-71.56654,-33.68719],[-71.56814,-33.69182],[-71.56839,-33.69437],[-71.56731,-33.70026],[-71.5662,-33.70264],[-71.56417,-33.70433],[-71.55987,-33.70392],[-71.55894,-33.70424],[-71.55729,-33.70623],[-71.55557,-33.71152],[-71.55527,-33.71541],[-71.55522,-33.72059],[-71.55571,-33.72333],[-71.55924,-33.72733],[-71.56042,-33.72951],[-71.56125,-33.73251],[-71.5613,-33.73438],[-71.56035,-33.73803],[-71.55909,-33.73899],[-71.55559,-33.74],[-71.55304,-33.74299],[-71.55012,-33.7447],[-71.5479,-33.74528],[-71.54583,-33.74685],[-71.54472,-33.74707],[-71.54211,-33.74619],[-71.54032,-33.7451],[-71.53886,-33.74537],[-71.53652,-33.74778],[-71.53673,-33.7488],[-71.53915,-33.75131],[-71.54023,-33.75403],[-71.53886,-33.7576],[-71.53803,-33.76201],[-71.53604,-33.76412],[-71.54076,-33.76397],[-71.54547,-33.76519],[-71.54713,-33.76619],[-71.54893,-33.76808],[-71.55042,-33.76866],[-71.55263,-33.77129],[-71.55384,-33.77507],[-71.55585,-33.78286],[-71.5565,-33.79485],[-71.5567,-33.80454],[-71.55707,-33.8118],[-71.55636,-33.85285],[-71.55633,-33.86086],[-71.55649,-33.86621],[-71.55635,-33.87228],[-71.55803,-33.8731],[-71.56058,-33.8735],[-71.5609,-33.87198],[-71.5624,-33.87185],[-71.56382,-33.87288],[-71.56574,-33.87244],[-71.56722,-33.87326],[-71.56997,-33.87255],[-71.57321,-33.87384],[-71.57563,-33.87183],[-71.57642,-33.87005],[-71.57848,-33.8682],[-71.58081,-33.86688],[-71.58709,-33.87026],[-71.59688,-33.8764],[-71.60862,-33.88342],[-71.6193,-33.89031],[-71.63494,-33.89944],[-71.63711,-33.90102],[-71.66175,-33.91602],[-71.66903,-33.92015],[-71.67494,-33.92172],[-71.67848,-33.92331],[-71.68076,-33.92469],[-71.68359,-33.92549],[-71.68594,-33.92739],[-71.68782,-33.9274],[-71.69154,-33.9282],[-71.69331,-33.92998],[-71.69421,-33.93291],[-71.69765,-33.93322],[-71.69887,-33.93377],[-71.70183,-33.93685],[-71.70162,-33.93762],[-71.70378,-33.94053],[-71.707,-33.94098],[-71.70824,-33.94057],[-71.71056,-33.94143],[-71.71066,-33.9429],[-71.71264,-33.94396],[-71.71303,-33.94543],[-71.71426,-33.94621],[-71.71449,-33.94834],[-71.71518,-33.94871],[-71.71592,-33.94905],[-71.71777,-33.95024],[-71.71896,-33.95316],[-71.71909,-33.95551],[-71.71936,-33.95579],[-71.72062,-33.95601],[-71.72248,-33.95606],[-71.72521,-33.9548],[-71.72793,-33.95038],[-71.7279,-33.94943],[-71.72627,-33.94764],[-71.72599,-33.9459],[-71.72728,-33.94471],[-71.72812,-33.94377],[-71.72874,-33.94303],[-71.72992,-33.94196],[-71.73415,-33.93981],[-71.73641,-33.93929],[-71.7428,-33.93937],[-71.74635,-33.93992],[-71.74813,-33.94001],[-71.75124,-33.93984],[-71.75422,-33.93835],[-71.7552,-33.93685],[-71.75384,-33.93397],[-71.75358,-33.93322],[-71.7511,-33.92724],[-71.74899,-33.92409],[-71.74844,-33.92139],[-71.74966,-33.92028],[-71.75534,-33.92079],[-71.75795,-33.92181],[-71.75977,-33.92281],[-71.7619,-33.92428],[-71.76439,-33.92678],[-71.76555,-33.92856],[-71.76651,-33.93015],[-71.76775,-33.93454],[-71.76804,-33.93523],[-71.77096,-33.93637],[-71.77128,-33.93646],[-71.77242,-33.93646],[-71.77429,-33.93632],[-71.78123,-33.93528],[-71.78206,-33.93498],[-71.78265,-33.9344],[-71.78407,-33.93259],[-71.78455,-33.9311],[-71.78447,-33.9304],[-71.78358,-33.92875],[-71.78247,-33.92716],[-71.78208,-33.92566],[-71.7823,-33.92423],[-71.78597,-33.92127],[-71.78806,-33.91907],[-71.7885,-33.91862],[-71.79042,-33.91829],[-71.79162,-33.9183],[-71.79282,-33.91906],[-71.79344,-33.91952],[-71.7952,-33.92002],[-71.79657,-33.92018],[-71.79901,-33.91822],[-71.80073,-33.91531],[-71.80266,-33.91346],[-71.80412,-33.91172],[-71.80568,-33.90948],[-71.80774,-33.90778],[-71.80976,-33.90733],[-71.81197,-33.90763],[-71.81311,-33.90788],[-71.81403,-33.90827],[-71.81776,-33.90977],[-71.81979,-33.91029],[-71.82306,-33.91195],[-71.82393,-33.91288],[-71.82505,-33.91405],[-71.82637,-33.91559],[-71.82942,-33.91833],[-71.83105,-33.91955],[-71.83306,-33.92285],[-71.83431,-33.9238],[-71.83652,-33.92423],[-71.83688,-33.92412],[-71.84017,-33.92282],[-71.84146,-33.92151],[-71.84245,-33.92067],[-71.84299,-33.91995],[-71.84314,-33.91834],[-71.84241,-33.91708],[-71.84164,-33.91592],[-71.84117,-33.91515],[-71.83902,-33.91276],[-71.83679,-33.91143],[-71.83562,-33.91081],[-71.83356,-33.90871],[-71.83226,-33.90607],[-71.83224,-33.9055],[-71.83231,-33.90476],[-71.83134,-33.904],[-71.83018,-33.90029],[-71.82759,-33.8948],[-71.82692,-33.89052],[-71.82566,-33.88603],[-71.82614,-33.88063],[-71.82703,-33.87859],[-71.82761,-33.87549],[-71.82686,-33.8749],[-71.82856,-33.86688],[-71.83002,-33.8621],[-71.82902,-33.85832],[-71.82691,-33.85667],[-71.82556,-33.85478],[-71.82503,-33.85174],[-71.82416,-33.85066],[-71.82409,-33.84897],[-71.82249,-33.84746],[-71.82164,-33.84362],[-71.81911,-33.84239],[-71.81697,-33.83882],[-71.81438,-33.83625],[-71.81354,-33.82522],[-71.81296,-33.82154],[-71.81253,-33.81656],[-71.81141,-33.81173],[-71.80984,-33.809],[-71.8081,-33.80798],[-71.80662,-33.80624],[-71.80511,-33.8053],[-71.80492,-33.80396],[-71.80191,-33.80344],[-71.79969,-33.8015],[-71.79863,-33.79802],[-71.79663,-33.79594],[-71.79601,-33.79428],[-71.79611,-33.7913],[-71.79488,-33.78786],[-71.7952,-33.78678],[-71.79429,-33.78291],[-71.79469,-33.78011],[-71.79454,-33.77476],[-71.79378,-33.77309],[-71.79151,-33.77186],[-71.78818,-33.77102],[-71.7851,-33.76908],[-71.77996,-33.76691],[-71.7762,-33.76619],[-71.77488,-33.76634],[-71.7716,-33.76576],[-71.76711,-33.76779],[-71.76305,-33.76821],[-71.76062,-33.76764],[-71.75721,-33.76635],[-71.75133,-33.76525],[-71.74129,-33.76129],[-71.73463,-33.75798],[-71.73026,-33.75605],[-71.71856,-33.7498],[-71.7113,-33.74617],[-71.70367,-33.742],[-71.689,-33.73342],[-71.68268,-33.72916],[-71.67657,-33.72439],[-71.67089,-33.71931],[-71.66679,-33.71503],[-71.66293,-33.71023],[-71.65865,-33.70386],[-71.65588,-33.69904],[-71.65358,-33.69444],[-71.6488,-33.68776],[-71.64786,-33.68575],[-71.64534,-33.67899],[-71.64245,-33.67486],[-71.64153,-33.67211],[-71.64048,-33.66756],[-71.63918,-33.66035],[-71.63771,-33.65731],[-71.63713,-33.65488],[-71.63598,-33.64164],[-71.63569,-33.63926],[-71.63542,-33.63144],[-71.63511,-33.63023],[-71.63588,-33.62881],[-71.63374,-33.62681],[-71.63314,-33.62523],[-71.63198,-33.61861],[-71.63094,-33.61634]]]]}},{"type":"Feature","properties":{"cut":5701,"nombre":"San Felipe","provincia":"San Felipe"},"geometry":{"type":"MultiPolygon","coordinates":[[[[-70.66368,-32.68893],[-70.6607,-32.69253],[-70.6615,-32.69483],[-70.66136,-32.69773],[-70.66202,-32.69858],[-70.66248,-32.70303],[-70.66346,-32.70484],[-70.66396,-32.70768],[-70.66401,-32.71052],[-70.66489,-32.7132],[-70.66446,-32.71395],[-70.66327,-32.71472],[-70.66266,-32.716],[-70.66354,-32.71704],[-70.6651,-32.72086],[-70.66698,-32.72355],[-70.66705,-32.72506],[-70.66827,-32.72642],[-70.66901,-32.72896],[-70.67216,-32.73113],[-70.67476,-32.73511],[-70.675,-32.73724],[-70.67598,-32.73876],[-70.67715,-32.73903],[-70.67983,-32.7422],[-70.68151,-32.74374],[-70.68173,-32.74529],[-70.68314,-32.74761],[-70.68202,-32.75664],[-70.68159,-32.76508],[-70.68171,-32.76887],[-70.68404,-32.77591],[-70.68064,-32.77766],[-70.67867,-32.77797],[-70.67686,-32.77912],[-70.67116,-32.78054],[-70.6691,-32.78152],[-70.66556,-32.78241],[-70.66088,-32.78572],[-70.6576,-32.7871],[-70.65673,-32.78811],[-70.655,-32.78835],[-70.65049,-32.79016],[-70.6485,-32.79354],[-70.64406,-32.7964],[-70.64075,-32.79928],[-70.63695,-32.7992],[-70.6345,-32.80065],[-70.63759,-32.80539],[-70.63979,-32.80664],[-70.64072,-32.80842],[-70.64423,-32.81177],[-70.64721,-32.81332],[-70.64855,-32.81298],[-70.65304,-32.81541],[-70.65474,-32.81581],[-70.65632,-32.81902],[-70.65915,-32.81865],[-70.65883,-32.82556],[-70.66216,-32.82479],[-70.68874,-32.81785],[-70.6941,-32.81613],[-70.69864,-32.8156],[-70.70128,-32.8168],[-70.7037,-32.81615],[-70.70714,-32.81573],[-70.7105,-32.81569],[-70.7126,-32.81623],[-70.71168,-32.81403],[-70.7134,-32.81265],[-70.71625,-32.8113],[-70.71456,-32.80935],[-70.71463,-32.80683],[-70.71669,-32.80544],[-70.71273,-32.80431],[-70.7127,-32.80238],[-70.70985,-32.79977],[-70.70969,-32.79879],[-70.71159,-32.79671],[-70.71051,-32.7959],[-70.71131,-32.79458],[-70.71313,-32.79308],[-70.71163,-32.79113],[-70.71196,-32.78821],[-70.71291,-32.78692],[-70.71602,-32.79072],[-70.71982,-32.79366],[-70.72502,-32.79868],[-70.72808,-32.80018],[-70.73369,-32.80129],[-70.73651,-32.80133],[-70.73937,-32.80059],[-70.74131,-32.80069],[-70.74318,-32.80161],[-70.74561,-32.80441],[-70.74894,-32.80547],[-70.75254,-32.80816],[-70.7565,-32.80423],[-70.76197,-32.80149],[-70.76235,-32.80061],[-70.76034,-32.79664],[-70.76029,-32.79383],[-70.75919,-32.79115],[-70.75951,-32.7895],[-70.76107,-32.78778],[-70.76079,-32.78236],[-70.76146,-32.781],[-70.76434,-32.77903],[-70.76557,-32.77485],[-70.76486,-32.77374],[-70.75959,-32.77077],[-70.7593,-32.76989],[-70.75561,-32.76607],[-70.75435,-32.76509],[-70.75137,-32.76555],[-70.74986,-32.76627],[-70.74497,-32.76493],[-70.7411,-32.76223],[-70.73833,-32.75857],[-70.73667,-32.75807],[-70.73792,-32.75636],[-70.74053,-32.75519],[-70.74084,-32.75504],[-70.74173,-32.7545],[-70.74203,-32.75425],[-70.7454,-32.75048],[-70.74587,-32.74994],[-70.7473,-32.74835],[-70.75049,-32.74597],[-70.75163,-32.74422],[-70.75749,-32.74073],[-70.76389,-32.73565],[-70.76644,-32.73328],[-70.77046,-32.733],[-70.7722,-32.73248],[-70.77422,-32.73272],[-70.77642,-32.73126],[-70.77946,-32.73193],[-70.78118,-32.73339],[-70.78733,-32.73691],[-70.79111,-32.73811],[-70.79423,-32.73995],[-70.79625,-32.74032],[-70.79949,-32.74328],[-70.80221,-32.74418],[-70.80739,-32.74426],[-70.81182,-32.74608],[-70.81516,-32.74845],[-70.81787,-32.75132],[-70.82173,-32.75351],[-70.82361,-32.75575],[-70.82671,-32.75713],[-70.82974,-32.75982],[-70.83207,-32.75988],[-70.83486,-32.76109],[-70.83752,-32.76182],[-70.84208,-32.76412],[-70.84874,-32.76934],[-70.85276,-32.77149],[-70.85532,-32.7654],[-70.85578,-32.76116],[-70.85713,-32.7586],[-70.85787,-32.75596],[-70.85789,-32.754],[-70.85917,-32.75077],[-70.85966,-32.74822],[-70.85877,-32.74402],[-70.86045,-32.74274],[-70.86656,-32.73565],[-70.86834,-32.73463],[-70.87099,-32.73187],[-70.86865,-32.72857],[-70.86518,-32.72568],[-70.86295,-32.72317],[-70.86022,-32.71715],[-70.85853,-32.71523],[-70.85666,-32.71145],[-70.85528,-32.70803],[-70.85402,-32.70641],[-70.85102,-32.7039],[-70.84749,-32.69941],[-70.84574,-32.69647],[-70.84548,-32.69371],[-70.84413,-32.69127],[-70.84174,-32.68795],[-70.83939,-32.68591],[-70.83851,-32.68243],[-70.83647,-32.67943],[-70.83434,-32.67787],[-70.83272,-32.6757],[-70.83223,-32.67128],[-70.83287,-32.66732],[-70.83303,-32.66323],[-70.82998,-32.65669],[-70.82909,-32.65422],[-70.82697,-32.65029],[-70.82672,-32.64891],[-70.82545,-32.6475],[-70.82265,-32.64582],[-70.82128,-32.64544],[-70.81686,-32.64648],[-70.81479,-32.64727],[-70.81083,-32.64976],[-70.80967,-32.65083],[-70.80894,-32.65399],[-70.80868,-32.65762],[-70.80825,-32.65872],[-70.80636,-32.66052],[-70.80301,-32.66188],[-70.79972,-32.66417],[-70.79472,-32.665],[-70.79316,-32.66617],[-70.78673,-32.66629],[-70.783,-32.66586],[-70.78058,-32.66594],[-70.77822,-32.6666],[-70.77666,-32.66757],[-70.77562,-32.6695],[-70.77613,-32.67488],[-70.77488,-32.67776],[-70.77301,-32.67977],[-70.7706,-32.68372],[-70.76793,-32.68562],[-70.76515,-32.69053],[-70.76421,-32.69154],[-70.76062,-32.68992],[-70.7583,-32.68842],[-70.74628,-32.6931],[-70.74491,-32.69331],[-70.7408,-32.69492],[-70.73777,-32.69551],[-70.74114,-32.70358],[-70.74328,-32.7083],[-70.74562,-32.71427],[-70.74239,-32.71448],[-70.7399,-32.71345],[-70.73838,-32.71202],[-70.73718,-32.70961],[-70.73281,-32.70607],[-70.73156,-32.70357],[-70.72946,-32.70185],[-70.72451,-32.70119],[-70.71872,-32.70195],[-70.71641,-32.70081],[-70.71266,-32.6999],[-70.71072,-32.69742],[-70.70913,-32.69628],[-70.70749,-32.69703],[-70.70268,-32.69753],[-70.69674,-32.69733],[-70.6899,-32.69665],[-70.6868,-32.69444],[-70.6859,-32.69429],[-70.68185,-32.69522],[-70.67756,-32.69463],[-70.67524,-32.6929],[-70.67055,-32.6906],[-70.66809,-32.68896],[-70.6663,-32.6886],[-70.66368,-32.68893]]]]}},{"type":"Feature","properties":{"cut":5702,"nombre":"Catemu","provincia":"San Felipe"},"geometry":{"type":"MultiPolygon","coordinates":[[[[-70.8194,-32.62997],[-70.81946,-32.63112],[-70.82063,-32.6338],[-70.8203,-32.63627],[-70.82162,-32.6393],[-70.82186,-32.64229],[-70.82128,-32.64544],[-70.82265,-32.64582],[-70.82545,-32.6475],[-70.82672,-32.64891],[-70.82697,-32.65029],[-70.82909,-32.65422],[-70.82998,-32.65669],[-70.83303,-32.66323],[-70.83287,-32.66732],[-70.83223,-32.67128],[-70.83272,-32.6757],[-70.83434,-32.67787],[-70.83647,-32.67943],[-70.83851,-32.68243],[-70.83939,-32.68591],[-70.84174,-32.68795],[-70.84413,-32.69127],[-70.84548,-32.69371],[-70.84574,-32.69647],[-70.84749,-32.69941],[-70.85102,-32.7039],[-70.85402,-32.70641],[-70.85528,-32.70803],[-70.85666,-32.71145],[-70.85853,-32.71523],[-70.86022,-32.71715],[-70.86295,-32.72317],[-70.86518,-32.72568],[-70.86865,-32.72857],[-70.87099,-32.73187],[-70.86834,-32.73463],[-70.86656,-32.73565],[-70.86045,-32.74274],[-70.85877,-32.74402],[-70.85966,-32.74822],[-70.85917,-32.75077],[-70.85789,-32.754],[-70.85787,-32.75596],[-70.85713,-32.7586],[-70.85578,-32.76116],[-70.85532,-32.7654],[-70.85276,-32.77149],[-70.85899,-32.77506],[-70.86186,-32.7777],[-70.86701,-32.78182],[-70.8699,-32.78321],[-70.87187,-32.78609],[-70.87392,-32.78741],[-70.87879,-32.78948],[-70.88363,-32.79114],[-70.88567,-32.79232],[-70.8894,-32.79307],[-70.89406,-32.7951],[-70.89587,-32.79548],[-70.8991,-32.79538],[-70.90558,-32.79441],[-70.90766,-32.79478],[-70.91359,-32.79662],[-70.9213,-32.79964],[-70.92416,-32.79969],[-70.92905,-32.80098],[-70.9313,-32.80197],[-70.93738,-32.80349],[-70.94209,-32.80293],[-70.94539,-32.80332],[-70.94666,-32.80303],[-70.94823,-32.80123],[-70.94844,-32.80579],[-70.94501,-32.80769],[-70.94444,-32.80934],[-70.9454,-32.81622],[-70.94575,-32.82048],[-70.94646,-32.82254],[-70.94763,-32.82422],[-70.95381,-32.82475],[-70.95623,-32.82364],[-70.95877,-32.81935],[-70.96127,-32.81703],[-70.96537,-32.81567],[-70.96965,-32.8153],[-70.97167,-32.81415],[-70.97159,-32.81286],[-70.96288,-32.80907],[-70.96609,-32.79888],[-70.97228,-32.79925],[-70.97751,-32.80074],[-70.97953,-32.80079],[-70.98146,-32.80153],[-70.98383,-32.80324],[-70.98645,-32.80409],[-70.98922,-32.807],[-70.99209,-32.80951],[-70.99479,-32.81043],[-70.99899,-32.81557],[-71.0003,-32.8231],[-71.00206,-32.82866],[-71.00387,-32.82595],[-71.00666,-32.82429],[-71.00924,-32.82119],[-71.00962,-32.81911],[-71.00934,-32.81669],[-71.00998,-32.8151],[-71.01207,-32.8124],[-71.01507,-32.81039],[-71.01523,-32.80608],[-71.0166,-32.8041],[-71.0165,-32.7999],[-71.01698,-32.79851],[-71.0155,-32.79539],[-71.01606,-32.79168],[-71.01715,-32.78752],[-71.01865,-32.78611],[-71.01878,-32.78449],[-71.01989,-32.78258],[-71.0237,-32.781],[-71.0273,-32.77808],[-71.03181,-32.77538],[-71.03416,-32.77177],[-71.03613,-32.77052],[-71.03899,-32.76699],[-71.03993,-32.76397],[-71.04148,-32.76266],[-71.04355,-32.76176],[-71.04504,-32.75657],[-71.04672,-32.75363],[-71.04816,-32.75213],[-71.04948,-32.74819],[-71.05049,-32.74317],[-71.05272,-32.74175],[-71.05337,-32.74064],[-71.05319,-32.73778],[-71.05393,-32.73636],[-71.04808,-32.73649],[-71.04621,-32.7359],[-71.04511,-32.73467],[-71.04483,-32.73298],[-71.04345,-32.73037],[-71.04282,-32.7279],[-71.04392,-32.72362],[-71.04557,-32.72208],[-71.04712,-32.71934],[-71.04655,-32.71622],[-71.04556,-32.71428],[-71.04448,-32.71087],[-71.04477,-32.70632],[-71.04454,-32.70456],[-71.04347,-32.70268],[-71.03993,-32.69995],[-71.04203,-32.69497],[-71.04345,-32.6937],[-71.0445,-32.69143],[-71.04375,-32.68981],[-71.04134,-32.68845],[-71.04017,-32.68708],[-71.03998,-32.68539],[-71.03693,-32.68309],[-71.03608,-32.68002],[-71.03462,-32.67853],[-71.03531,-32.67718],[-71.03514,-32.6749],[-71.0339,-32.67347],[-71.03334,-32.67141],[-71.03518,-32.67023],[-71.03704,-32.66782],[-71.03702,-32.66693],[-71.03909,-32.66504],[-71.04304,-32.66221],[-71.04305,-32.65931],[-71.04159,-32.65742],[-71.04343,-32.65432],[-71.04841,-32.65273],[-71.05011,-32.65166],[-71.05176,-32.64896],[-71.05301,-32.64409],[-71.05506,-32.64035],[-71.05501,-32.63895],[-71.05239,-32.6356],[-71.05057,-32.63477],[-71.04669,-32.6349],[-71.04583,-32.63459],[-71.04412,-32.63303],[-71.04319,-32.63065],[-71.04224,-32.62579],[-71.04168,-32.62446],[-71.04018,-32.62401],[-71.03876,-32.62518],[-71.03644,-32.62921],[-71.03629,-32.63033],[-71.03446,-32.63102],[-71.03069,-32.63109],[-71.0288,-32.62896],[-71.02836,-32.62511],[-71.02864,-32.62213],[-71.025,-32.62026],[-71.02441,-32.61759],[-71.02324,-32.61627],[-71.01958,-32.61321],[-71.0187,-32.61315],[-71.01646,-32.61519],[-71.01184,-32.61683],[-71.008,-32.61763],[-71.00628,-32.61937],[-71.00402,-32.62022],[-71.00203,-32.62159],[-70.99907,-32.62268],[-70.99769,-32.62396],[-70.99714,-32.6265],[-70.9943,-32.6294],[-70.98891,-32.63187],[-70.98698,-32.63167],[-70.98075,-32.63177],[-70.97722,-32.63131],[-70.97562,-32.63029],[-70.97043,-32.62993],[-70.96715,-32.62838],[-70.96356,-32.62881],[-70.96069,-32.62997],[-70.9585,-32.6303],[-70.94989,-32.63021],[-70.94259,-32.62561],[-70.94038,-32.62453],[-70.93858,-32.62285],[-70.9374,-32.62101],[-70.93508,-32.61926],[-70.93128,-32.61806],[-70.92891,-32.61809],[-70.92648,-32.61939],[-70.92299,-32.62041],[-70.91808,-32.62038],[-70.91499,-32.62222],[-70.91231,-32.62127],[-70.90971,-32.61833],[-70.90448,-32.61641],[-70.9025,-32.61617],[-70.9015,-32.6154],[-70.89914,-32.61162],[-70.89455,-32.60784],[-70.89338,-32.60729],[-70.89073,-32.60751],[-70.88978,-32.60829],[-70.88855,-32.61147],[-70.8872,-32.61315],[-70.8852,-32.6143],[-70.88284,-32.61478],[-70.88064,-32.61459],[-70.87754,-32.61322],[-70.87596,-32.61295],[-70.87414,-32.61417],[-70.87125,-32.61466],[-70.86927,-32.61647],[-70.86673,-32.61673],[-70.8653,-32.61541],[-70.86372,-32.61529],[-70.86111,-32.61659],[-70.85835,-32.61893],[-70.85608,-32.61964],[-70.846,-32.62491],[-70.84359,-32.6271],[-70.84139,-32.62706],[-70.83723,-32.62526],[-70.83128,-32.62605],[-70.82764,-32.62863],[-70.8259,-32.6294],[-70.8224,-32.63012],[-70.8194,-32.62997]]]]}},{"type":"Feature","properties":{"cut":5703,"nombre":"Llaillay","provincia":"San Felipe"},"geometry":{"type":"MultiPolygon","coordinates":[[[[-70.94763,-32.82422],[-70.9468,-32.82514],[-70.94321,-32.82701],[-70.93971,-32.82805],[-70.9368,-32.83017],[-70.93523,-32.83088],[-70.93238,-32.82927],[-70.92364,-32.82968],[-70.92195,-32.82957],[-70.91712,-32.83231],[-70.91344,-32.83386],[-70.90985,-32.83343],[-70.90626,-32.83244],[-70.89983,-32.8345],[-70.89689,-32.83177],[-70.8913,-32.83037],[-70.88868,-32.82819],[-70.88723,-32.82604],[-70.88545,-32.82719],[-70.88138,-32.8281],[-70.87371,-32.82947],[-70.87119,-32.8309],[-70.86961,-32.83251],[-70.86786,-32.83263],[-70.8639,-32.83116],[-70.85932,-32.8306],[-70.85761,-32.82987],[-70.85517,-32.82757],[-70.8473,-32.82908],[-70.84256,-32.83116],[-70.83951,-32.82969],[-70.83206,-32.82926],[-70.8261,-32.83082],[-70.82164,-32.83066],[-70.82002,-32.8319],[-70.81531,-32.83295],[-70.80977,-32.83306],[-70.80806,-32.83277],[-70.80654,-32.83346],[-70.80144,-32.83084],[-70.7974,-32.83063],[-70.79377,-32.83208],[-70.79123,-32.83234],[-70.78753,-32.83205],[-70.78155,-32.83052],[-70.77884,-32.83016],[-70.77585,-32.82917],[-70.77311,-32.82782],[-70.77192,-32.82627],[-70.76786,-32.82581],[-70.76678,-32.82583],[-70.76494,-32.83181],[-70.7616,-32.83459],[-70.76136,-32.83617],[-70.76304,-32.83912],[-70.76188,-32.84232],[-70.76172,-32.84497],[-70.76211,-32.84828],[-70.76016,-32.84938],[-70.75868,-32.85373],[-70.75769,-32.85473],[-70.75679,-32.85725],[-70.75672,-32.85913],[-70.75474,-32.86131],[-70.75409,-32.86471],[-70.75353,-32.86561],[-70.7538,-32.87024],[-70.75352,-32.87218],[-70.75164,-32.8735],[-70.75177,-32.87471],[-70.75363,-32.87751],[-70.75359,-32.87964],[-70.75276,-32.88063],[-70.7507,-32.88111],[-70.74772,-32.88111],[-70.74367,-32.88323],[-70.74091,-32.88573],[-70.73763,-32.8905],[-70.73718,-32.89454],[-70.73597,-32.89929],[-70.73519,-32.90033],[-70.7343,-32.90639],[-70.73533,-32.90922],[-70.7349,-32.9134],[-70.73401,-32.91469],[-70.7311,-32.91643],[-70.72995,-32.91765],[-70.72876,-32.92092],[-70.72824,-32.92457],[-70.72998,-32.92616],[-70.73098,-32.92615],[-70.73645,-32.92377],[-70.73932,-32.9251],[-70.74169,-32.92538],[-70.74496,-32.92857],[-70.74925,-32.92984],[-70.75281,-32.92913],[-70.75699,-32.93084],[-70.75993,-32.93036],[-70.76128,-32.92945],[-70.76266,-32.93023],[-70.76461,-32.93282],[-70.76818,-32.93487],[-70.77155,-32.93553],[-70.77355,-32.93531],[-70.77448,-32.93451],[-70.77719,-32.93382],[-70.77851,-32.93291],[-70.78017,-32.9304],[-70.78174,-32.92921],[-70.78511,-32.92876],[-70.79006,-32.92984],[-70.79285,-32.92901],[-70.79397,-32.92609],[-70.79601,-32.92565],[-70.79858,-32.92573],[-70.80183,-32.9249],[-70.80472,-32.92521],[-70.808,-32.9269],[-70.81154,-32.92949],[-70.81471,-32.93055],[-70.81684,-32.93067],[-70.82185,-32.92866],[-70.82559,-32.9279],[-70.82858,-32.92773],[-70.8331,-32.92793],[-70.83732,-32.92673],[-70.83946,-32.92504],[-70.84114,-32.92258],[-70.84196,-32.92248],[-70.84875,-32.92742],[-70.85549,-32.92968],[-70.86182,-32.93012],[-70.86511,-32.93225],[-70.8684,-32.93209],[-70.87084,-32.93085],[-70.87234,-32.93113],[-70.87821,-32.93521],[-70.883,-32.93687],[-70.8859,-32.93871],[-70.88769,-32.93879],[-70.89193,-32.93607],[-70.89417,-32.935],[-70.89788,-32.93432],[-70.90189,-32.93554],[-70.90526,-32.93565],[-70.90719,-32.93652],[-70.90824,-32.94312],[-70.90921,-32.94505],[-70.91186,-32.94582],[-70.91596,-32.94472],[-70.91663,-32.9476],[-70.92012,-32.9508],[-70.9221,-32.95313],[-70.92437,-32.95665],[-70.92521,-32.95907],[-70.92568,-32.96461],[-70.9265,-32.966],[-70.92919,-32.9682],[-70.93678,-32.9714],[-70.93974,-32.97301],[-70.94683,-32.97232],[-70.94785,-32.97166],[-70.95102,-32.96792],[-70.95291,-32.96626],[-70.95469,-32.96756],[-70.95756,-32.97033],[-70.96298,-32.97364],[-70.97103,-32.97655],[-70.97453,-32.9759],[-70.98164,-32.97618],[-70.98377,-32.97704],[-70.98563,-32.97868],[-70.98749,-32.97905],[-70.99386,-32.97712],[-70.99702,-32.97673],[-70.99966,-32.97559],[-71.00147,-32.97556],[-71.00528,-32.97627],[-71.01031,-32.97604],[-71.01423,-32.97676],[-71.01381,-32.97559],[-71.01324,-32.9705],[-71.01159,-32.96743],[-71.01119,-32.96467],[-71.01199,-32.9627],[-71.01223,-32.95821],[-71.01202,-32.95664],[-71.00813,-32.95451],[-71.00541,-32.95357],[-71.00511,-32.95127],[-71.0058,-32.94906],[-71.00679,-32.94771],[-71.01254,-32.94228],[-71.01545,-32.94061],[-71.01666,-32.9394],[-71.01681,-32.93816],[-71.01869,-32.93665],[-71.02023,-32.93443],[-71.02106,-32.93131],[-71.02212,-32.93044],[-71.02503,-32.92925],[-71.02746,-32.92673],[-71.03026,-32.92554],[-71.03056,-32.92396],[-71.03029,-32.92046],[-71.03071,-32.9143],[-71.03056,-32.91015],[-71.02976,-32.90618],[-71.02883,-32.90477],[-71.02862,-32.90081],[-71.0317,-32.89335],[-71.0328,-32.89171],[-71.03434,-32.88777],[-71.0367,-32.88468],[-71.03706,-32.88305],[-71.03842,-32.88172],[-71.03805,-32.8803],[-71.03517,-32.87553],[-71.03463,-32.87415],[-71.03427,-32.86975],[-71.03331,-32.86471],[-71.0347,-32.85896],[-71.03488,-32.85545],[-71.03569,-32.85377],[-71.03928,-32.85042],[-71.04011,-32.84464],[-71.03875,-32.84199],[-71.03882,-32.83994],[-71.0401,-32.83686],[-71.03933,-32.83535],[-71.03816,-32.83539],[-71.03352,-32.83663],[-71.02996,-32.83871],[-71.02742,-32.83938],[-71.02209,-32.83948],[-71.02115,-32.8399],[-71.01639,-32.84074],[-71.01431,-32.84033],[-71.01102,-32.83818],[-71.01039,-32.83618],[-71.00941,-32.83512],[-71.00573,-32.83432],[-71.00489,-32.83223],[-71.00206,-32.82866],[-71.0003,-32.8231],[-70.99899,-32.81557],[-70.99479,-32.81043],[-70.99209,-32.80951],[-70.98922,-32.807],[-70.98645,-32.80409],[-70.98383,-32.80324],[-70.98146,-32.80153],[-70.97953,-32.80079],[-70.97751,-32.80074],[-70.97228,-32.79925],[-70.96609,-32.79888],[-70.96288,-32.80907],[-70.97159,-32.81286],[-70.97167,-32.81415],[-70.96965,-32.8153],[-70.96537,-32.81567],[-70.96127,-32.81703],[-70.95877,-32.81935],[-70.95623,-32.82364],[-70.95381,-32.82475],[-70.94763,-32.82422]]]]}},{"type":"Feature","properties":{"cut":5704,"nombre":"Panquehue","provincia":"San Felipe"},"geometry":{"type":"MultiPolygon","coordinates":[[[[-70.74084,-32.75504],[-70.74053,-32.75519],[-70.73792,-32.75636],[-70.73667,-32.75807],[-70.73833,-32.75857],[-70.7411,-32.76223],[-70.74497,-32.76493],[-70.74986,-32.76627],[-70.75137,-32.76555],[-70.75435,-32.76509],[-70.75561,-32.76607],[-70.7593,-32.76989],[-70.75959,-32.77077],[-70.76486,-32.77374],[-70.76557,-32.77485],[-70.76434,-32.77903],[-70.76146,-32.781],[-70.76079,-32.78236],[-70.76107,-32.78778],[-70.75951,-32.7895],[-70.75919,-32.79115],[-70.76029,-32.79383],[-70.76034,-32.79664],[-70.76235,-32.80061],[-70.76197,-32.80149],[-70.7565,-32.80423],[-70.75254,-32.80816],[-70.75361,-32.80927],[-70.7544,-32.81204],[-70.75546,-32.81422],[-70.75663,-32.81499],[-70.75744,-32.81691],[-70.76044,-32.81952],[-70.76186,-32.82205],[-70.76404,-32.82314],[-70.7665,-32.8253],[-70.76786,-32.82581],[-70.77192,-32.82627],[-70.77311,-32.82782],[-70.77585,-32.82917],[-70.77884,-32.83016],[-70.78155,-32.83052],[-70.78753,-32.83205],[-70.79123,-32.83234],[-70.79377,-32.83208],[-70.7974,-32.83063],[-70.80144,-32.83084],[-70.80654,-32.83346],[-70.80806,-32.83277],[-70.80977,-32.83306],[-70.81531,-32.83295],[-70.82002,-32.8319],[-70.82164,-32.83066],[-70.8261,-32.83082],[-70.83206,-32.82926],[-70.83951,-32.82969],[-70.84256,-32.83116],[-70.8473,-32.82908],[-70.85517,-32.82757],[-70.85761,-32.82987],[-70.85932,-32.8306],[-70.8639,-32.83116],[-70.86786,-32.83263],[-70.86961,-32.83251],[-70.87119,-32.8309],[-70.87371,-32.82947],[-70.88138,-32.8281],[-70.88545,-32.82719],[-70.88723,-32.82604],[-70.88868,-32.82819],[-70.8913,-32.83037],[-70.89689,-32.83177],[-70.89983,-32.8345],[-70.90626,-32.83244],[-70.90985,-32.83343],[-70.91344,-32.83386],[-70.91712,-32.83231],[-70.92195,-32.82957],[-70.92364,-32.82968],[-70.93238,-32.82927],[-70.93523,-32.83088],[-70.9368,-32.83017],[-70.93971,-32.82805],[-70.94321,-32.82701],[-70.9468,-32.82514],[-70.94763,-32.82422],[-70.94646,-32.82254],[-70.94575,-32.82048],[-70.9454,-32.81622],[-70.94444,-32.80934],[-70.94501,-32.80769],[-70.94844,-32.80579],[-70.94823,-32.80123],[-70.94666,-32.80303],[-70.94539,-32.80332],[-70.94209,-32.80293],[-70.93738,-32.80349],[-70.9313,-32.80197],[-70.92905,-32.80098],[-70.92416,-32.79969],[-70.9213,-32.79964],[-70.91359,-32.79662],[-70.90766,-32.79478],[-70.90558,-32.79441],[-70.8991,-32.79538],[-70.89587,-32.79548],[-70.89406,-32.7951],[-70.8894,-32.79307],[-70.88567,-32.79232],[-70.88363,-32.79114],[-70.87879,-32.78948],[-70.87392,-32.78741],[-70.87187,-32.78609],[-70.8699,-32.78321],[-70.86701,-32.78182],[-70.86186,-32.7777],[-70.85899,-32.77506],[-70.85276,-32.77149],[-70.84874,-32.76934],[-70.84208,-32.76412],[-70.83752,-32.76182],[-70.83486,-32.76109],[-70.83207,-32.75988],[-70.82974,-32.75982],[-70.82671,-32.75713],[-70.82361,-32.75575],[-70.82173,-32.75351],[-70.81787,-32.75132],[-70.81516,-32.74845],[-70.81182,-32.74608],[-70.80739,-32.74426],[-70.80221,-32.74418],[-70.79949,-32.74328],[-70.79625,-32.74032],[-70.79423,-32.73995],[-70.79111,-32.73811],[-70.78733,-32.73691],[-70.78118,-32.73339],[-70.77946,-32.73193],[-70.77642,-32.73126],[-70.77422,-32.73272],[-70.7722,-32.73248],[-70.77046,-32.733],[-70.76644,-32.73328],[-70.76389,-32.73565],[-70.75749,-32.74073],[-70.75163,-32.74422],[-70.75049,-32.74597],[-70.7473,-32.74835],[-70.74587,-32.74994],[-70.7454,-32.75048],[-70.74203,-32.75425],[-70.74173,-32.7545],[-70.74084,-32.75504]]]]}},{"type":"Feature","properties":{"cut":5705,"nombre":"Putaendo","provincia":"San Felipe"},"geometry":{"type":"MultiPolygon","coordinates":[[[[-70.22867,-32.43037],[-70.23133,-32.4334],[-70.23383,-32.43959],[-70.23475,-32.44061],[-70.23795,-32.44235],[-70.23666,-32.44758],[-70.23577,-32.44898],[-70.23396,-32.45044],[-70.23355,-32.45411],[-70.23402,-32.45558],[-70.23992,-32.45677],[-70.24716,-32.46014],[-70.24923,-32.46403],[-70.25678,-32.47385],[-70.25871,-32.4749],[-70.26708,-32.47635],[-70.27038,-32.47609],[-70.27522,-32.4735],[-70.27943,-32.47285],[-70.28843,-32.4739],[-70.29291,-32.47466],[-70.29802,-32.47628],[-70.30048,-32.47758],[-70.30467,-32.48263],[-70.30893,-32.48621],[-70.31101,-32.48824],[-70.31294,-32.49246],[-70.31408,-32.498],[-70.31391,-32.50375],[-70.31596,-32.50726],[-70.31611,-32.50996],[-70.31789,-32.51237],[-70.3214,-32.51866],[-70.3236,-32.51944],[-70.32609,-32.52147],[-70.32869,-32.52227],[-70.32923,-32.52295],[-70.33046,-32.52768],[-70.32952,-32.53115],[-70.33171,-32.53468],[-70.33604,-32.53756],[-70.33752,-32.53892],[-70.33445,-32.54274],[-70.3342,-32.54463],[-70.33509,-32.5459],[-70.33883,-32.54788],[-70.3402,-32.54909],[-70.34176,-32.55142],[-70.34182,-32.55647],[-70.34323,-32.56024],[-70.34366,-32.56331],[-70.34589,-32.56484],[-70.34778,-32.56693],[-70.34796,-32.56925],[-70.35115,-32.57218],[-70.35327,-32.57682],[-70.35656,-32.58303],[-70.35722,-32.58352],[-70.36216,-32.58471],[-70.36489,-32.58784],[-70.36804,-32.5889],[-70.36952,-32.59003],[-70.37371,-32.59087],[-70.37648,-32.59247],[-70.38087,-32.59615],[-70.38121,-32.59773],[-70.3851,-32.59964],[-70.38687,-32.60167],[-70.38876,-32.60555],[-70.3905,-32.6052],[-70.39645,-32.60079],[-70.39833,-32.59694],[-70.40093,-32.59417],[-70.40129,-32.58916],[-70.40417,-32.58949],[-70.40582,-32.58914],[-70.4086,-32.58688],[-70.41151,-32.585],[-70.41329,-32.58492],[-70.41689,-32.58655],[-70.41888,-32.58806],[-70.42115,-32.59116],[-70.42376,-32.593],[-70.42549,-32.59571],[-70.42594,-32.5976],[-70.43616,-32.59769],[-70.4374,-32.59813],[-70.43795,-32.59973],[-70.4377,-32.60175],[-70.43952,-32.60287],[-70.44088,-32.60278],[-70.44373,-32.6015],[-70.44759,-32.59903],[-70.44852,-32.5972],[-70.45032,-32.59639],[-70.45819,-32.59483],[-70.46324,-32.59491],[-70.46621,-32.59702],[-70.46704,-32.59802],[-70.46926,-32.59883],[-70.47151,-32.59909],[-70.47541,-32.59826],[-70.47883,-32.59855],[-70.48256,-32.59835],[-70.48529,-32.59606],[-70.48709,-32.59311],[-70.48775,-32.59313],[-70.4926,-32.59743],[-70.49383,-32.59803],[-70.5048,-32.60016],[-70.50634,-32.59979],[-70.51014,-32.60052],[-70.51263,-32.60137],[-70.51366,-32.60222],[-70.51371,-32.60053],[-70.51459,-32.5992],[-70.51772,-32.59764],[-70.51896,-32.59633],[-70.52304,-32.5951],[-70.52891,-32.59507],[-70.53117,-32.59463],[-70.53263,-32.59364],[-70.53419,-32.5914],[-70.53499,-32.58907],[-70.53473,-32.58569],[-70.53402,-32.58399],[-70.53668,-32.58203],[-70.53943,-32.58063],[-70.54485,-32.57859],[-70.54944,-32.57298],[-70.55038,-32.57086],[-70.55266,-32.57026],[-70.55768,-32.57224],[-70.56091,-32.57131],[-70.56532,-32.57067],[-70.56866,-32.56975],[-70.57348,-32.56943],[-70.57652,-32.57028],[-70.57684,-32.57473],[-70.57877,-32.57734],[-70.57933,-32.58214],[-70.58243,-32.58396],[-70.58302,-32.58656],[-70.58381,-32.58746],[-70.58513,-32.59236],[-70.58667,-32.59355],[-70.58881,-32.59378],[-70.59773,-32.59839],[-70.60453,-32.59967],[-70.60704,-32.60088],[-70.61015,-32.60319],[-70.6118,-32.60501],[-70.61433,-32.6071],[-70.61841,-32.60908],[-70.62135,-32.61092],[-70.62217,-32.61298],[-70.62227,-32.61928],[-70.62284,-32.6215],[-70.62244,-32.62298],[-70.62037,-32.62647],[-70.61932,-32.63008],[-70.61995,-32.63315],[-70.6224,-32.6358],[-70.62307,-32.63902],[-70.62436,-32.64167],[-70.62722,-32.64535],[-70.62858,-32.64951],[-70.63411,-32.65687],[-70.63624,-32.65866],[-70.63754,-32.66186],[-70.64163,-32.66504],[-70.64219,-32.66757],[-70.64177,-32.66997],[-70.64328,-32.67233],[-70.64641,-32.67295],[-70.64914,-32.67236],[-70.65036,-32.67258],[-70.65346,-32.67425],[-70.65599,-32.67429],[-70.65911,-32.67845],[-70.66011,-32.68085],[-70.66047,-32.68359],[-70.66368,-32.68893],[-70.6663,-32.6886],[-70.66809,-32.68896],[-70.67055,-32.6906],[-70.67524,-32.6929],[-70.67756,-32.69463],[-70.68185,-32.69522],[-70.6859,-32.69429],[-70.6868,-32.69444],[-70.6899,-32.69665],[-70.69674,-32.69733],[-70.70268,-32.69753],[-70.70749,-32.69703],[-70.70913,-32.69628],[-70.71072,-32.69742],[-70.71266,-32.6999],[-70.71641,-32.70081],[-70.71872,-32.70195],[-70.72451,-32.70119],[-70.72946,-32.70185],[-70.73156,-32.70357],[-70.73281,-32.70607],[-70.73718,-32.70961],[-70.73838,-32.71202],[-70.7399,-32.71345],[-70.74239,-32.71448],[-70.74562,-32.71427],[-70.74328,-32.7083],[-70.74114,-32.70358],[-70.73777,-32.69551],[-70.7408,-32.69492],[-70.74491,-32.69331],[-70.74628,-32.6931],[-70.7583,-32.68842],[-70.76062,-32.68992],[-70.76421,-32.69154],[-70.76515,-32.69053],[-70.76793,-32.68562],[-70.7706,-32.68372],[-70.77301,-32.67977],[-70.77488,-32.67776],[-70.77613,-32.67488],[-70.77562,-32.6695],[-70.77666,-32.66757],[-70.77822,-32.6666],[-70.78058,-32.66594],[-70.783,-32.66586],[-70.78673,-32.66629],[-70.79316,-32.66617],[-70.79472,-32.665],[-70.79972,-32.66417],[-70.80301,-32.66188],[-70.80636,-32.66052],[-70.80825,-32.65872],[-70.80868,-32.65762],[-70.80894,-32.65399],[-70.80967,-32.65083],[-70.81083,-32.64976],[-70.81479,-32.64727],[-70.81686,-32.64648],[-70.82128,-32.64544],[-70.82186,-32.64229],[-70.82162,-32.6393],[-70.8203,-32.63627],[-70.82063,-32.6338],[-70.81946,-32.63112],[-70.8194,-32.62997],[-70.81814,-32.62505],[-70.81476,-32.61966],[-70.81142,-32.61874],[-70.8089,-32.6163],[-70.80387,-32.61399],[-70.80094,-32.61098],[-70.79913,-32.60955],[-70.79871,-32.60853],[-70.79612,-32.60558],[-70.80078,-32.60239],[-70.80366,-32.59994],[-70.80527,-32.59685],[-70.80507,-32.59171],[-70.80574,-32.59104],[-70.80897,-32.59083],[-70.81185,-32.58838],[-70.81223,-32.58755],[-70.81112,-32.58338],[-70.80505,-32.58202],[-70.80247,-32.58063],[-70.79857,-32.57956],[-70.79744,-32.57847],[-70.79686,-32.57647],[-70.79548,-32.5751],[-70.7934,-32.57539],[-70.79034,-32.57499],[-70.78833,-32.57317],[-70.78574,-32.57191],[-70.78298,-32.56885],[-70.78138,-32.56468],[-70.78366,-32.55532],[-70.78425,-32.55169],[-70.78302,-32.54697],[-70.78438,-32.54318],[-70.78645,-32.54034],[-70.7884,-32.53832],[-70.79801,-32.53535],[-70.79962,-32.53525],[-70.80253,-32.53598],[-70.80721,-32.53627],[-70.812,-32.53529],[-70.81466,-32.53639],[-70.81809,-32.53649],[-70.8229,-32.53319],[-70.82419,-32.53191],[-70.82863,-32.52882],[-70.83124,-32.52782],[-70.832,-32.52688],[-70.83075,-32.52345],[-70.83183,-32.51958],[-70.83062,-32.51626],[-70.83098,-32.51356],[-70.83289,-32.51058],[-70.83542,-32.50761],[-70.83604,-32.50449],[-70.83789,-32.50239],[-70.83951,-32.50157],[-70.84127,-32.49973],[-70.84285,-32.49924],[-70.83796,-32.49531],[-70.83569,-32.48998],[-70.83477,-32.4859],[-70.83271,-32.48335],[-70.82884,-32.47649],[-70.82624,-32.4705],[-70.82483,-32.46927],[-70.82029,-32.46908],[-70.81838,-32.46754],[-70.81301,-32.46484],[-70.81128,-32.46344],[-70.80674,-32.46161],[-70.80661,-32.45956],[-70.8057,-32.45822],[-70.80418,-32.45734],[-70.80256,-32.45511],[-70.80117,-32.45235],[-70.8026,-32.44972],[-70.80221,-32.44304],[-70.79891,-32.44324],[-70.79744,-32.4441],[-70.79411,-32.44399],[-70.79129,-32.44494],[-70.78703,-32.44469],[-70.78495,-32.44545],[-70.78272,-32.44486],[-70.78131,-32.4455],[-70.77804,-32.44529],[-70.77515,-32.44402],[-70.77346,-32.44268],[-70.77404,-32.43972],[-70.77712,-32.43691],[-70.7764,-32.43353],[-70.77627,-32.42967],[-70.77087,-32.43206],[-70.76852,-32.43403],[-70.76696,-32.43469],[-70.76482,-32.43412],[-70.76283,-32.43267],[-70.76028,-32.43283],[-70.75533,-32.43565],[-70.75046,-32.43586],[-70.74952,-32.43698],[-70.74517,-32.4398],[-70.74241,-32.44064],[-70.74023,-32.44072],[-70.73786,-32.43985],[-70.73539,-32.44],[-70.73228,-32.44126],[-70.73108,-32.44349],[-70.72692,-32.4457],[-70.72415,-32.44549],[-70.72299,-32.44588],[-70.72024,-32.44939],[-70.71708,-32.45177],[-70.71463,-32.45207],[-70.71337,-32.4513],[-70.71052,-32.45192],[-70.70713,-32.44842],[-70.70304,-32.44606],[-70.70248,-32.44517],[-70.69949,-32.44484],[-70.6956,-32.4437],[-70.69304,-32.44568],[-70.69125,-32.44806],[-70.68689,-32.45123],[-70.68419,-32.45169],[-70.68214,-32.45249],[-70.67892,-32.45579],[-70.67719,-32.4583],[-70.67722,-32.45985],[-70.67552,-32.46251],[-70.6713,-32.46368],[-70.66483,-32.46361],[-70.66129,-32.46619],[-70.65699,-32.46683],[-70.65633,-32.46552],[-70.65517,-32.46041],[-70.65238,-32.45827],[-70.64857,-32.45814],[-70.64513,-32.45768],[-70.64384,-32.45805],[-70.64052,-32.46061],[-70.63843,-32.46043],[-70.63564,-32.45453],[-70.63349,-32.45201],[-70.6331,-32.45006],[-70.63363,-32.4473],[-70.63506,-32.44481],[-70.63529,-32.44282],[-70.6342,-32.43988],[-70.63176,-32.43697],[-70.62788,-32.43387],[-70.62487,-32.43268],[-70.62384,-32.43139],[-70.62189,-32.42731],[-70.61888,-32.42434],[-70.61811,-32.42122],[-70.61664,-32.41806],[-70.61614,-32.41492],[-70.61661,-32.41319],[-70.62058,-32.40995],[-70.62139,-32.4086],[-70.62121,-32.40675],[-70.61968,-32.40317],[-70.61821,-32.4019],[-70.61555,-32.40073],[-70.61421,-32.39767],[-70.61437,-32.39537],[-70.61527,-32.39213],[-70.61809,-32.38725],[-70.61987,-32.38547],[-70.61613,-32.38297],[-70.61303,-32.38043],[-70.61163,-32.37795],[-70.61135,-32.37584],[-70.61282,-32.37093],[-70.6124,-32.36879],[-70.60895,-32.36675],[-70.60256,-32.36484],[-70.5996,-32.36499],[-70.59726,-32.36655],[-70.59488,-32.37017],[-70.58997,-32.37414],[-70.58509,-32.37616],[-70.58189,-32.37555],[-70.58082,-32.37441],[-70.57934,-32.37159],[-70.57773,-32.37031],[-70.57348,-32.36928],[-70.56991,-32.37091],[-70.56659,-32.37082],[-70.56421,-32.37],[-70.56176,-32.36866],[-70.55963,-32.36846],[-70.55584,-32.36994],[-70.55219,-32.37246],[-70.54973,-32.37193],[-70.54664,-32.36729],[-70.54433,-32.36558],[-70.54056,-32.36415],[-70.53829,-32.36387],[-70.53737,-32.36318],[-70.53711,-32.36101],[-70.53633,-32.35922],[-70.53377,-32.35658],[-70.53221,-32.35547],[-70.53069,-32.35522],[-70.5276,-32.3529],[-70.52567,-32.35245],[-70.51977,-32.35319],[-70.51718,-32.3519],[-70.51415,-32.35247],[-70.50559,-32.35339],[-70.50201,-32.35336],[-70.49861,-32.35432],[-70.49539,-32.35472],[-70.49117,-32.35628],[-70.48726,-32.35548],[-70.48117,-32.35683],[-70.47799,-32.3568],[-70.47603,-32.35612],[-70.4739,-32.35198],[-70.47388,-32.35018],[-70.47285,-32.34577],[-70.47185,-32.34319],[-70.47042,-32.34078],[-70.46869,-32.33653],[-70.46552,-32.33623],[-70.46244,-32.33668],[-70.45962,-32.33785],[-70.45541,-32.33838],[-70.45131,-32.33931],[-70.44603,-32.33944],[-70.44188,-32.33861],[-70.43766,-32.33831],[-70.43358,-32.33603],[-70.43325,-32.33408],[-70.43367,-32.32883],[-70.4328,-32.32712],[-70.43127,-32.32599],[-70.42926,-32.32329],[-70.42761,-32.32226],[-70.42763,-32.32006],[-70.42649,-32.31879],[-70.42578,-32.31689],[-70.42407,-32.31509],[-70.42314,-32.3131],[-70.41874,-32.30885],[-70.41704,-32.30787],[-70.41502,-32.30441],[-70.41646,-32.30291],[-70.41637,-32.30096],[-70.4121,-32.29733],[-70.41188,-32.29399],[-70.41136,-32.29299],[-70.41142,-32.28973],[-70.41189,-32.28685],[-70.41533,-32.28216],[-70.41133,-32.28062],[-70.40968,-32.2791],[-70.4061,-32.27723],[-70.40243,-32.27491],[-70.39913,-32.27315],[-70.3887,-32.26979],[-70.38464,-32.26865],[-70.37884,-32.26776],[-70.37026,-32.26284],[-70.36546,-32.25875],[-70.36457,-32.25617],[-70.36351,-32.25477],[-70.36094,-32.25381],[-70.35677,-32.25416],[-70.35284,-32.25546],[-70.34981,-32.25717],[-70.34816,-32.25938],[-70.34416,-32.26345],[-70.34364,-32.26799],[-70.34231,-32.27089],[-70.32935,-32.27642],[-70.32571,-32.27593],[-70.32217,-32.27352],[-70.32057,-32.26917],[-70.31928,-32.26994],[-70.31978,-32.27282],[-70.31936,-32.27358],[-70.31561,-32.27364],[-70.31305,-32.27327],[-70.30923,-32.27533],[-70.30534,-32.27483],[-70.30093,-32.27601],[-70.29963,-32.27704],[-70.29655,-32.27852],[-70.29524,-32.28205],[-70.29327,-32.28311],[-70.29301,-32.28728],[-70.28814,-32.29006],[-70.2858,-32.292],[-70.2837,-32.29278],[-70.28,-32.29176],[-70.27814,-32.29259],[-70.27062,-32.29348],[-70.26485,-32.29112],[-70.26267,-32.29173],[-70.26177,-32.29562],[-70.25896,-32.30085],[-70.25787,-32.30417],[-70.25448,-32.30512],[-70.25027,-32.3054],[-70.2483,-32.30643],[-70.24475,-32.31249],[-70.24238,-32.31536],[-70.23945,-32.31726],[-70.23505,-32.31761],[-70.22958,-32.32004],[-70.22507,-32.32245],[-70.2223,-32.32544],[-70.21956,-32.32955],[-70.21787,-32.33293],[-70.21778,-32.33515],[-70.21858,-32.33602],[-70.22089,-32.34096],[-70.21994,-32.34172],[-70.21915,-32.34386],[-70.21963,-32.34539],[-70.22106,-32.34689],[-70.22299,-32.34749],[-70.22332,-32.35031],[-70.2268,-32.35254],[-70.22846,-32.35608],[-70.22804,-32.35941],[-70.22829,-32.36122],[-70.22771,-32.36244],[-70.2284,-32.36413],[-70.22799,-32.36697],[-70.22674,-32.36943],[-70.22621,-32.37147],[-70.22308,-32.3753],[-70.22145,-32.37675],[-70.22076,-32.37926],[-70.21737,-32.38194],[-70.21785,-32.38288],[-70.21983,-32.38393],[-70.22079,-32.38521],[-70.22163,-32.3882],[-70.22288,-32.38989],[-70.2244,-32.3905],[-70.22733,-32.38982],[-70.23112,-32.39076],[-70.23243,-32.3935],[-70.23207,-32.39554],[-70.23423,-32.39695],[-70.23493,-32.39845],[-70.23483,-32.40019],[-70.23631,-32.40142],[-70.23829,-32.40467],[-70.23753,-32.40846],[-70.23667,-32.40915],[-70.2364,-32.41152],[-70.2352,-32.41364],[-70.23636,-32.41671],[-70.23665,-32.41859],[-70.23589,-32.42539],[-70.23657,-32.42872],[-70.2328,-32.43108],[-70.23128,-32.43128],[-70.22867,-32.43037]]]]}},{"type":"Feature","properties":{"cut":5706,"nombre":"Santa María","provincia":"San Felipe"},"geometry":{"type":"MultiPolygon","coordinates":[[[[-70.51366,-32.60222],[-70.51405,-32.6053],[-70.51752,-32.6077],[-70.51844,-32.60863],[-70.52255,-32.61399],[-70.52523,-32.61657],[-70.52856,-32.62059],[-70.53401,-32.62636],[-70.53822,-32.62794],[-70.54398,-32.62832],[-70.55046,-32.6315],[-70.55448,-32.63171],[-70.55922,-32.63352],[-70.56674,-32.63488],[-70.56806,-32.63841],[-70.5691,-32.63959],[-70.57082,-32.63992],[-70.57065,-32.64287],[-70.57295,-32.64527],[-70.57536,-32.64917],[-70.5753,-32.65113],[-70.57433,-32.65235],[-70.57532,-32.65511],[-70.5773,-32.65725],[-70.57649,-32.65944],[-70.57311,-32.66006],[-70.57277,-32.66229],[-70.57327,-32.66541],[-70.57327,-32.66798],[-70.57145,-32.66885],[-70.5717,-32.67192],[-70.56933,-32.67295],[-70.56513,-32.67844],[-70.56587,-32.68318],[-70.57008,-32.6841],[-70.57165,-32.68509],[-70.57174,-32.68789],[-70.57231,-32.6892],[-70.57211,-32.69214],[-70.5713,-32.69357],[-70.57118,-32.69525],[-70.57238,-32.69643],[-70.57223,-32.69805],[-70.5752,-32.69881],[-70.57708,-32.69995],[-70.58308,-32.70118],[-70.58692,-32.70223],[-70.59004,-32.70423],[-70.59141,-32.70715],[-70.59116,-32.70984],[-70.5926,-32.71122],[-70.59503,-32.7124],[-70.5991,-32.71537],[-70.60258,-32.72013],[-70.60664,-32.72221],[-70.60998,-32.72341],[-70.6125,-32.72379],[-70.61371,-32.72558],[-70.61263,-32.72857],[-70.6124,-32.73275],[-70.6091,-32.73344],[-70.60628,-32.73563],[-70.60686,-32.73751],[-70.60723,-32.74122],[-70.60821,-32.74414],[-70.6081,-32.74649],[-70.60718,-32.75026],[-70.60683,-32.75443],[-70.60839,-32.76043],[-70.61203,-32.76796],[-70.60799,-32.77091],[-70.60709,-32.77116],[-70.60794,-32.77324],[-70.60211,-32.77558],[-70.60687,-32.78265],[-70.61055,-32.78753],[-70.60908,-32.79006],[-70.60844,-32.79326],[-70.60722,-32.79407],[-70.60684,-32.79551],[-70.60729,-32.80104],[-70.60643,-32.80311],[-70.60664,-32.80613],[-70.60571,-32.80818],[-70.6056,-32.8107],[-70.60717,-32.8124],[-70.60706,-32.81383],[-70.61004,-32.81314],[-70.61266,-32.81203],[-70.61569,-32.81006],[-70.61765,-32.80835],[-70.61906,-32.80774],[-70.6248,-32.80652],[-70.62647,-32.8057],[-70.63138,-32.80142],[-70.6345,-32.80065],[-70.63695,-32.7992],[-70.64075,-32.79928],[-70.64406,-32.7964],[-70.6485,-32.79354],[-70.65049,-32.79016],[-70.655,-32.78835],[-70.65673,-32.78811],[-70.6576,-32.7871],[-70.66088,-32.78572],[-70.66556,-32.78241],[-70.6691,-32.78152],[-70.67116,-32.78054],[-70.67686,-32.77912],[-70.67867,-32.77797],[-70.68064,-32.77766],[-70.68404,-32.77591],[-70.68171,-32.76887],[-70.68159,-32.76508],[-70.68202,-32.75664],[-70.68314,-32.74761],[-70.68173,-32.74529],[-70.68151,-32.74374],[-70.67983,-32.7422],[-70.67715,-32.73903],[-70.67598,-32.73876],[-70.675,-32.73724],[-70.67476,-32.73511],[-70.67216,-32.73113],[-70.66901,-32.72896],[-70.66827,-32.72642],[-70.66705,-32.72506],[-70.66698,-32.72355],[-70.6651,-32.72086],[-70.66354,-32.71704],[-70.66266,-32.716],[-70.66327,-32.71472],[-70.66446,-32.71395],[-70.66489,-32.7132],[-70.66401,-32.71052],[-70.66396,-32.70768],[-70.66346,-32.70484],[-70.66248,-32.70303],[-70.66202,-32.69858],[-70.66136,-32.69773],[-70.6615,-32.69483],[-70.6607,-32.69253],[-70.66368,-32.68893],[-70.66047,-32.68359],[-70.66011,-32.68085],[-70.65911,-32.67845],[-70.65599,-32.67429],[-70.65346,-32.67425],[-70.65036,-32.67258],[-70.64914,-32.67236],[-70.64641,-32.67295],[-70.64328,-32.67233],[-70.64177,-32.66997],[-70.64219,-32.66757],[-70.64163,-32.66504],[-70.63754,-32.66186],[-70.63624,-32.65866],[-70.63411,-32.65687],[-70.62858,-32.64951],[-70.62722,-32.64535],[-70.62436,-32.64167],[-70.62307,-32.63902],[-70.6224,-32.6358],[-70.61995,-32.63315],[-70.61932,-32.63008],[-70.62037,-32.62647],[-70.62244,-32.62298],[-70.62284,-32.6215],[-70.62227,-32.61928],[-70.62217,-32.61298],[-70.62135,-32.61092],[-70.61841,-32.60908],[-70.61433,-32.6071],[-70.6118,-32.60501],[-70.61015,-32.60319],[-70.60704,-32.60088],[-70.60453,-32.59967],[-70.59773,-32.59839],[-70.58881,-32.59378],[-70.58667,-32.59355],[-70.58513,-32.59236],[-70.58381,-32.58746],[-70.58302,-32.58656],[-70.58243,-32.58396],[-70.57933,-32.58214],[-70.57877,-32.57734],[-70.57684,-32.57473],[-70.57652,-32.57028],[-70.57348,-32.56943],[-70.56866,-32.56975],[-70.56532,-32.57067],[-70.56091,-32.57131],[-70.55768,-32.57224],[-70.55266,-32.57026],[-70.55038,-32.57086],[-70.54944,-32.57298],[-70.54485,-32.57859],[-70.53943,-32.58063],[-70.53668,-32.58203],[-70.53402,-32.58399],[-70.53473,-32.58569],[-70.53499,-32.58907],[-70.53419,-32.5914],[-70.53263,-32.59364],[-70.53117,-32.59463],[-70.52891,-32.59507],[-70.52304,-32.5951],[-70.51896,-32.59633],[-70.51772,-32.59764],[-70.51459,-32.5992],[-70.51371,-32.60053],[-70.51366,-32.60222]]]]}},{"type":"Feature","properties":{"cut":5801,"nombre":"Quilpué","provincia":"Marga Marga"},"geometry":{"type":"MultiPolygon","coordinates":[[[[-71.40009,-33.01342],[-71.39915,-33.0133],[-71.39884,-33.01396],[-71.3991,-33.02366],[-71.39943,-33.03568],[-71.39973,-33.04574],[-71.39834,-33.04629],[-71.39868,-33.04981],[-71.39913,-33.05453],[-71.40037,-33.05594],[-71.40046,-33.05986],[-71.3999,-33.05988],[-71.40095,-33.0676],[-71.39891,-33.06782],[-71.39821,-33.06826],[-71.39671,-33.06998],[-71.3923,-33.07059],[-71.39019,-33.07253],[-71.38861,-33.07311],[-71.38598,-33.07514],[-71.38181,-33.07456],[-71.37901,-33.07518],[-71.37875,-33.07578],[-71.37584,-33.08171],[-71.37524,-33.082],[-71.37251,-33.08006],[-71.37222,-33.07974],[-71.37124,-33.07972],[-71.37078,-33.07988],[-71.37018,-33.08056],[-71.3706,-33.08253],[-71.36963,-33.083],[-71.36817,-33.08424],[-71.36455,-33.08859],[-71.36569,-33.09335],[-71.36196,-33.09455],[-71.36008,-33.09627],[-71.35895,-33.09811],[-71.35377,-33.09966],[-71.35235,-33.09945],[-71.34984,-33.10136],[-71.34651,-33.10174],[-71.34469,-33.10261],[-71.34173,-33.10304],[-71.33867,-33.10597],[-71.33675,-33.10609],[-71.33387,-33.10885],[-71.33006,-33.10944],[-71.32759,-33.10911],[-71.32503,-33.10735],[-71.32424,-33.10839],[-71.32229,-33.10839],[-71.3194,-33.1107],[-71.31863,-33.11239],[-71.3165,-33.11422],[-71.31376,-33.11519],[-71.31172,-33.11788],[-71.30855,-33.11977],[-71.30513,-33.12071],[-71.30218,-33.12084],[-71.29919,-33.11911],[-71.29652,-33.11938],[-71.29323,-33.11845],[-71.29123,-33.11923],[-71.289,-33.12084],[-71.2868,-33.12164],[-71.28331,-33.1219],[-71.28154,-33.12155],[-71.27927,-33.12002],[-71.27574,-33.12017],[-71.27422,-33.11767],[-71.26959,-33.11835],[-71.2674,-33.11666],[-71.26702,-33.11771],[-71.26424,-33.11956],[-71.26029,-33.12155],[-71.25861,-33.1232],[-71.25559,-33.12481],[-71.25404,-33.12652],[-71.25067,-33.1287],[-71.24843,-33.13051],[-71.24682,-33.13235],[-71.2441,-33.13716],[-71.24114,-33.13898],[-71.24049,-33.14023],[-71.23719,-33.14215],[-71.23706,-33.14359],[-71.23549,-33.1442],[-71.23141,-33.14207],[-71.23,-33.14014],[-71.22813,-33.14023],[-71.2265,-33.14116],[-71.22396,-33.14135],[-71.2232,-33.14065],[-71.22017,-33.13961],[-71.21729,-33.13946],[-71.21556,-33.13998],[-71.20864,-33.14401],[-71.20825,-33.14577],[-71.20671,-33.14779],[-71.20387,-33.14975],[-71.20238,-33.15248],[-71.20039,-33.15413],[-71.19921,-33.1567],[-71.19864,-33.15975],[-71.19769,-33.16147],[-71.19572,-33.16163],[-71.19143,-33.1595],[-71.19027,-33.15862],[-71.18868,-33.15293],[-71.18702,-33.15119],[-71.18243,-33.15049],[-71.17971,-33.14907],[-71.17937,-33.14796],[-71.18167,-33.14458],[-71.18135,-33.14306],[-71.17909,-33.1422],[-71.17646,-33.14263],[-71.17538,-33.14229],[-71.16768,-33.14237],[-71.16563,-33.14148],[-71.1637,-33.1414],[-71.16123,-33.14296],[-71.15908,-33.14367],[-71.1556,-33.14371],[-71.15308,-33.14294],[-71.15193,-33.14121],[-71.1485,-33.13824],[-71.14129,-33.13789],[-71.13728,-33.13862],[-71.13346,-33.13792],[-71.13414,-33.13606],[-71.13584,-33.13478],[-71.13791,-33.12953],[-71.138,-33.12593],[-71.13725,-33.1234],[-71.13611,-33.12121],[-71.13274,-33.12084],[-71.12513,-33.11885],[-71.12461,-33.11714],[-71.12316,-33.11668],[-71.12172,-33.11485],[-71.11933,-33.11605],[-71.1127,-33.11835],[-71.11019,-33.11874],[-71.10905,-33.11726],[-71.10533,-33.11486],[-71.10391,-33.1135],[-71.09934,-33.11135],[-71.09676,-33.11069],[-71.09421,-33.10865],[-71.09045,-33.10732],[-71.08921,-33.10567],[-71.08596,-33.10506],[-71.08258,-33.10308],[-71.07955,-33.10056],[-71.07524,-33.09876],[-71.07207,-33.09661],[-71.06907,-33.0973],[-71.06794,-33.09903],[-71.06573,-33.10086],[-71.06399,-33.10154],[-71.06166,-33.10154],[-71.05833,-33.09937],[-71.05346,-33.09837],[-71.04651,-33.09877],[-71.04348,-33.09758],[-71.0396,-33.09674],[-71.0342,-33.09349],[-71.03298,-33.09208],[-71.03152,-33.08814],[-71.03078,-33.08524],[-71.02918,-33.08403],[-71.02322,-33.08743],[-71.01916,-33.09124],[-71.01528,-33.0952],[-71.01832,-33.10643],[-71.02014,-33.11062],[-71.01949,-33.11377],[-71.01973,-33.11793],[-71.01932,-33.12005],[-71.01714,-33.12204],[-71.0165,-33.1232],[-71.01424,-33.12929],[-71.01275,-33.13222],[-71.01238,-33.13637],[-71.01255,-33.13956],[-71.0132,-33.14263],[-71.01207,-33.14414],[-71.01433,-33.1468],[-71.01446,-33.14838],[-71.01158,-33.15284],[-71.00917,-33.15432],[-71.00461,-33.15436],[-71.00459,-33.15687],[-71.00404,-33.15891],[-71.00101,-33.16192],[-70.99694,-33.16761],[-70.99513,-33.16976],[-70.99451,-33.17198],[-70.99158,-33.17579],[-70.99184,-33.17621],[-70.99204,-33.17647],[-70.99292,-33.17727],[-70.99322,-33.17746],[-70.99338,-33.17766],[-70.99381,-33.17948],[-70.99259,-33.18145],[-70.99268,-33.18284],[-70.9953,-33.18625],[-70.99678,-33.19048],[-70.99819,-33.19225],[-70.99716,-33.19546],[-70.99693,-33.19757],[-70.9975,-33.19837],[-70.99883,-33.19856],[-71.00429,-33.19788],[-71.0078,-33.19883],[-71.00992,-33.19979],[-71.01474,-33.19985],[-71.01552,-33.20031],[-71.01646,-33.20283],[-71.01853,-33.20306],[-71.02025,-33.20139],[-71.02213,-33.20099],[-71.025,-33.20117],[-71.02694,-33.20227],[-71.027,-33.20328],[-71.02868,-33.20609],[-71.02725,-33.20796],[-71.0263,-33.21068],[-71.02568,-33.21491],[-71.02698,-33.21649],[-71.03103,-33.21648],[-71.03354,-33.21472],[-71.03313,-33.21151],[-71.03503,-33.20944],[-71.03849,-33.20759],[-71.0412,-33.20678],[-71.04207,-33.20707],[-71.04327,-33.20905],[-71.04437,-33.20984],[-71.04676,-33.20986],[-71.04897,-33.20921],[-71.05196,-33.20601],[-71.05432,-33.20463],[-71.05695,-33.20448],[-71.05792,-33.20819],[-71.05831,-33.21223],[-71.05994,-33.21602],[-71.06033,-33.21822],[-71.05977,-33.22244],[-71.06007,-33.22487],[-71.06169,-33.22655],[-71.06612,-33.22863],[-71.07209,-33.23028],[-71.07472,-33.23062],[-71.07648,-33.22959],[-71.07754,-33.22824],[-71.08276,-33.225],[-71.08535,-33.22453],[-71.08889,-33.22243],[-71.09412,-33.21969],[-71.09632,-33.22051],[-71.104,-33.22071],[-71.10758,-33.22032],[-71.11085,-33.22091],[-71.11317,-33.22198],[-71.11432,-33.22324],[-71.1151,-33.2256],[-71.11906,-33.2304],[-71.12045,-33.23121],[-71.12396,-33.23185],[-71.12702,-33.23347],[-71.12893,-33.23373],[-71.13145,-33.23524],[-71.13576,-33.23615],[-71.14053,-33.23775],[-71.1427,-33.2358],[-71.14441,-33.23524],[-71.14589,-33.23387],[-71.1489,-33.23239],[-71.15042,-33.22973],[-71.15189,-33.22864],[-71.15839,-33.2275],[-71.16273,-33.22574],[-71.16469,-33.22748],[-71.16511,-33.22911],[-71.17078,-33.23086],[-71.17317,-33.23046],[-71.17881,-33.22814],[-71.18448,-33.22718],[-71.18754,-33.22747],[-71.18944,-33.22678],[-71.19663,-33.22875],[-71.19949,-33.22876],[-71.20145,-33.22969],[-71.20327,-33.23134],[-71.20609,-33.23249],[-71.21088,-33.23241],[-71.21284,-33.23363],[-71.21525,-33.23437],[-71.2156,-33.23548],[-71.21512,-33.23915],[-71.21629,-33.23985],[-71.21994,-33.24002],[-71.22116,-33.24048],[-71.22185,-33.24239],[-71.22567,-33.24653],[-71.22832,-33.24416],[-71.23078,-33.24146],[-71.23289,-33.24134],[-71.23676,-33.2393],[-71.23894,-33.23968],[-71.24269,-33.23893],[-71.24435,-33.23909],[-71.24612,-33.23557],[-71.24805,-33.23436],[-71.25088,-33.23355],[-71.25261,-33.2319],[-71.25493,-33.23386],[-71.25957,-33.23371],[-71.26081,-33.23333],[-71.26399,-33.23019],[-71.26524,-33.22845],[-71.26641,-33.22446],[-71.26822,-33.22283],[-71.27339,-33.22451],[-71.27546,-33.22264],[-71.27605,-33.22062],[-71.27714,-33.21897],[-71.28131,-33.21465],[-71.28577,-33.21541],[-71.28775,-33.21427],[-71.28997,-33.21554],[-71.29032,-33.21678],[-71.29175,-33.21766],[-71.29427,-33.217],[-71.29681,-33.21367],[-71.298,-33.21112],[-71.29811,-33.20935],[-71.29954,-33.20858],[-71.30159,-33.20655],[-71.30551,-33.20452],[-71.30649,-33.20337],[-71.30958,-33.20409],[-71.31222,-33.20262],[-71.31755,-33.20121],[-71.32053,-33.20201],[-71.32187,-33.20296],[-71.32416,-33.20332],[-71.32848,-33.20198],[-71.33066,-33.20045],[-71.33318,-33.19986],[-71.33438,-33.20079],[-71.3389,-33.20147],[-71.3419,-33.20143],[-71.34466,-33.20275],[-71.34461,-33.20069],[-71.34607,-33.19953],[-71.34645,-33.19796],[-71.3478,-33.1959],[-71.34877,-33.1929],[-71.35033,-33.19081],[-71.35318,-33.18862],[-71.35603,-33.18745],[-71.35802,-33.18717],[-71.36,-33.18516],[-71.36011,-33.18289],[-71.36263,-33.18133],[-71.364,-33.17992],[-71.36612,-33.1792],[-71.36658,-33.17784],[-71.36801,-33.1762],[-71.36986,-33.17811],[-71.37413,-33.18032],[-71.37654,-33.18032],[-71.37868,-33.18253],[-71.38136,-33.18411],[-71.38342,-33.18426],[-71.3851,-33.18293],[-71.38693,-33.18045],[-71.39001,-33.18124],[-71.39082,-33.18049],[-71.39297,-33.17465],[-71.39398,-33.17401],[-71.39725,-33.17352],[-71.3988,-33.17442],[-71.40316,-33.1742],[-71.40846,-33.17149],[-71.4122,-33.17286],[-71.41316,-33.17268],[-71.41517,-33.16984],[-71.41677,-33.16935],[-71.41864,-33.16731],[-71.41955,-33.16698],[-71.42381,-33.16682],[-71.4266,-33.16431],[-71.43035,-33.16245],[-71.43155,-33.16231],[-71.43545,-33.16313],[-71.44096,-33.16249],[-71.44227,-33.16301],[-71.44639,-33.16309],[-71.44776,-33.16236],[-71.44784,-33.16026],[-71.45152,-33.1596],[-71.45385,-33.15775],[-71.45412,-33.15556],[-71.45594,-33.15638],[-71.46026,-33.15692],[-71.46148,-33.1558],[-71.4639,-33.15638],[-71.46663,-33.15469],[-71.46815,-33.15447],[-71.47053,-33.15269],[-71.47182,-33.15103],[-71.47319,-33.15034],[-71.47672,-33.14739],[-71.47813,-33.1467],[-71.47849,-33.14455],[-71.47796,-33.14295],[-71.48041,-33.1415],[-71.48027,-33.13469],[-71.47826,-33.13236],[-71.47928,-33.13078],[-71.4826,-33.13216],[-71.48362,-33.13214],[-71.48728,-33.12911],[-71.48891,-33.12814],[-71.48901,-33.12674],[-71.48745,-33.12362],[-71.48352,-33.12041],[-71.48171,-33.1184],[-71.47936,-33.11777],[-71.47912,-33.11689],[-71.48342,-33.11319],[-71.48639,-33.10965],[-71.49123,-33.10689],[-71.49253,-33.10445],[-71.49339,-33.10148],[-71.49257,-33.09873],[-71.49039,-33.09694],[-71.48997,-33.09345],[-71.48727,-33.09022],[-71.48728,-33.08893],[-71.48517,-33.08789],[-71.48426,-33.08833],[-71.4786,-33.08786],[-71.47528,-33.08629],[-71.4726,-33.08399],[-71.47185,-33.08179],[-71.47204,-33.07712],[-71.47118,-33.07525],[-71.47143,-33.07112],[-71.47099,-33.06868],[-71.47078,-33.06758],[-71.47079,-33.06744],[-71.46983,-33.06627],[-71.46975,-33.0661],[-71.47032,-33.06556],[-71.47128,-33.06571],[-71.47408,-33.06628],[-71.47638,-33.06611],[-71.47789,-33.06494],[-71.48181,-33.06451],[-71.48595,-33.06198],[-71.48691,-33.05963],[-71.48838,-33.0573],[-71.48903,-33.05454],[-71.48718,-33.05267],[-71.48683,-33.04989],[-71.48676,-33.0492],[-71.48467,-33.04883],[-71.48482,-33.04669],[-71.48503,-33.04632],[-71.48477,-33.04475],[-71.48439,-33.04426],[-71.48402,-33.04163],[-71.48471,-33.03992],[-71.48493,-33.0377],[-71.48424,-33.03588],[-71.48434,-33.03554],[-71.48418,-33.03473],[-71.48285,-33.03441],[-71.48043,-33.03273],[-71.47872,-33.02855],[-71.47582,-33.02675],[-71.47488,-33.0233],[-71.47265,-33.02146],[-71.4704,-33.02117],[-71.46948,-33.01656],[-71.46767,-33.01679],[-71.46568,-33.01635],[-71.46314,-33.0179],[-71.46036,-33.01781],[-71.45852,-33.0188],[-71.45688,-33.01864],[-71.45448,-33.02012],[-71.45205,-33.02036],[-71.45141,-33.0198],[-71.4523,-33.01697],[-71.44529,-33.01329],[-71.44524,-33.01143],[-71.44445,-33.00973],[-71.44561,-33.00665],[-71.44318,-33.00367],[-71.44276,-33.002],[-71.43841,-33.00214],[-71.43529,-33.00181],[-71.43372,-33.00059],[-71.4328,-33.00166],[-71.42792,-33.00339],[-71.42648,-33.00343],[-71.42618,-33.00467],[-71.4238,-33.00819],[-71.42126,-33.00883],[-71.41955,-33.0084],[-71.41437,-33.01033],[-71.41107,-33.00996],[-71.40626,-33.0118],[-71.40374,-33.01091],[-71.40173,-33.01165],[-71.40009,-33.01342]]]]}},{"type":"Feature","properties":{"cut":5802,"nombre":"Limache","provincia":"Marga Marga"},"geometry":{"type":"MultiPolygon","coordinates":[[[[-71.21729,-32.97311],[-71.21776,-32.97798],[-71.22038,-32.98155],[-71.22053,-32.98365],[-71.21932,-32.98681],[-71.21938,-32.98906],[-71.22013,-32.99046],[-71.22016,-32.9938],[-71.22127,-32.99422],[-71.2207,-32.9981],[-71.22235,-32.9999],[-71.21753,-33.00148],[-71.21554,-33.00155],[-71.21311,-33.00323],[-71.20883,-33.00428],[-71.20625,-33.0052],[-71.20275,-33.00568],[-71.20054,-33.00686],[-71.20076,-33.00907],[-71.20247,-33.01222],[-71.20496,-33.01332],[-71.21135,-33.01569],[-71.21117,-33.01712],[-71.20897,-33.01891],[-71.20109,-33.0225],[-71.19648,-33.02383],[-71.19505,-33.02461],[-71.19458,-33.02742],[-71.19307,-33.0286],[-71.19138,-33.03089],[-71.19046,-33.03325],[-71.19176,-33.03606],[-71.1914,-33.03694],[-71.1889,-33.03744],[-71.18762,-33.03875],[-71.18708,-33.04124],[-71.18694,-33.04428],[-71.18553,-33.04702],[-71.18498,-33.05046],[-71.18387,-33.05388],[-71.18262,-33.05634],[-71.18134,-33.05982],[-71.17777,-33.06262],[-71.17791,-33.06804],[-71.17702,-33.07193],[-71.17706,-33.07687],[-71.1738,-33.07771],[-71.17196,-33.07866],[-71.17032,-33.08067],[-71.1658,-33.08369],[-71.16451,-33.08544],[-71.16035,-33.08754],[-71.1594,-33.08884],[-71.15703,-33.09054],[-71.15233,-33.09283],[-71.15036,-33.0947],[-71.15004,-33.09742],[-71.15156,-33.10474],[-71.15163,-33.10597],[-71.14882,-33.10602],[-71.14393,-33.10672],[-71.14114,-33.10782],[-71.13952,-33.10987],[-71.13936,-33.11215],[-71.13976,-33.11557],[-71.13949,-33.11751],[-71.13611,-33.12121],[-71.13725,-33.1234],[-71.138,-33.12593],[-71.13791,-33.12953],[-71.13584,-33.13478],[-71.13414,-33.13606],[-71.13346,-33.13792],[-71.13728,-33.13862],[-71.14129,-33.13789],[-71.1485,-33.13824],[-71.15193,-33.14121],[-71.15308,-33.14294],[-71.1556,-33.14371],[-71.15908,-33.14367],[-71.16123,-33.14296],[-71.1637,-33.1414],[-71.16563,-33.14148],[-71.16768,-33.14237],[-71.17538,-33.14229],[-71.17646,-33.14263],[-71.17909,-33.1422],[-71.18135,-33.14306],[-71.18167,-33.14458],[-71.17937,-33.14796],[-71.17971,-33.14907],[-71.18243,-33.15049],[-71.18702,-33.15119],[-71.18868,-33.15293],[-71.19027,-33.15862],[-71.19143,-33.1595],[-71.19572,-33.16163],[-71.19769,-33.16147],[-71.19864,-33.15975],[-71.19921,-33.1567],[-71.20039,-33.15413],[-71.20238,-33.15248],[-71.20387,-33.14975],[-71.20671,-33.14779],[-71.20825,-33.14577],[-71.20864,-33.14401],[-71.21556,-33.13998],[-71.21729,-33.13946],[-71.22017,-33.13961],[-71.2232,-33.14065],[-71.22396,-33.14135],[-71.2265,-33.14116],[-71.22813,-33.14023],[-71.23,-33.14014],[-71.23141,-33.14207],[-71.23549,-33.1442],[-71.23706,-33.14359],[-71.23719,-33.14215],[-71.24049,-33.14023],[-71.24114,-33.13898],[-71.2441,-33.13716],[-71.24682,-33.13235],[-71.24843,-33.13051],[-71.25067,-33.1287],[-71.25404,-33.12652],[-71.25559,-33.12481],[-71.25861,-33.1232],[-71.26029,-33.12155],[-71.26424,-33.11956],[-71.26702,-33.11771],[-71.2674,-33.11666],[-71.26591,-33.11284],[-71.26454,-33.11245],[-71.26077,-33.10878],[-71.25914,-33.10631],[-71.25896,-33.10451],[-71.25652,-33.10053],[-71.25967,-33.09578],[-71.26226,-33.09443],[-71.2652,-33.09217],[-71.26699,-33.09141],[-71.26921,-33.08938],[-71.2715,-33.08499],[-71.27365,-33.08392],[-71.27506,-33.08252],[-71.27737,-33.07914],[-71.27865,-33.07492],[-71.2806,-33.07271],[-71.28283,-33.07119],[-71.28763,-33.06898],[-71.2923,-33.06454],[-71.29211,-33.06232],[-71.29075,-33.0606],[-71.29027,-33.05758],[-71.29039,-33.0501],[-71.28833,-33.04818],[-71.28841,-33.04483],[-71.28587,-33.03989],[-71.28561,-33.03718],[-71.28588,-33.03453],[-71.28995,-33.02898],[-71.28841,-33.02551],[-71.28684,-33.0229],[-71.28489,-33.02131],[-71.28556,-33.01903],[-71.29036,-33.01717],[-71.29185,-33.0159],[-71.2955,-33.01145],[-71.29758,-33.01376],[-71.29967,-33.01363],[-71.30131,-33.01547],[-71.30349,-33.01643],[-71.30736,-33.01716],[-71.31935,-33.02322],[-71.3198,-33.02413],[-71.31975,-33.02738],[-71.32043,-33.02905],[-71.32253,-33.0308],[-71.32292,-33.03235],[-71.32437,-33.03431],[-71.32756,-33.03752],[-71.32822,-33.03891],[-71.32825,-33.04365],[-71.33083,-33.04461],[-71.3337,-33.04236],[-71.33577,-33.04189],[-71.33604,-33.04181],[-71.33674,-33.04171],[-71.33702,-33.04171],[-71.33812,-33.04319],[-71.34034,-33.0437],[-71.34256,-33.04265],[-71.34571,-33.03882],[-71.34658,-33.03754],[-71.34702,-33.03692],[-71.34954,-33.03482],[-71.35331,-33.03287],[-71.3546,-33.03192],[-71.35465,-33.03184],[-71.35476,-33.03167],[-71.35539,-33.03115],[-71.35658,-33.03053],[-71.35695,-33.03029],[-71.35849,-33.02923],[-71.35979,-33.02925],[-71.36155,-33.02906],[-71.36311,-33.02843],[-71.36355,-33.02822],[-71.3649,-33.0274],[-71.36634,-33.02712],[-71.36776,-33.02632],[-71.3687,-33.02603],[-71.37043,-33.02582],[-71.37069,-33.02572],[-71.37078,-33.0257],[-71.37105,-33.02566],[-71.37114,-33.02565],[-71.37272,-33.02545],[-71.37361,-33.02509],[-71.37449,-33.0246],[-71.37512,-33.0231],[-71.37967,-33.02079],[-71.38039,-33.0184],[-71.38164,-33.0177],[-71.38302,-33.01436],[-71.38538,-33.01357],[-71.38724,-33.01415],[-71.39147,-33.01392],[-71.39536,-33.01305],[-71.39915,-33.0133],[-71.40009,-33.01342],[-71.40173,-33.01165],[-71.40374,-33.01091],[-71.40626,-33.0118],[-71.41107,-33.00996],[-71.41437,-33.01033],[-71.41955,-33.0084],[-71.42126,-33.00883],[-71.4238,-33.00819],[-71.42618,-33.00467],[-71.42648,-33.00343],[-71.42792,-33.00339],[-71.4328,-33.00166],[-71.43372,-33.00059],[-71.43385,-32.99995],[-71.434,-32.99624],[-71.43445,-32.99399],[-71.43103,-32.99109],[-71.43019,-32.9893],[-71.43001,-32.98701],[-71.42855,-32.98527],[-71.42833,-32.98342],[-71.42689,-32.98049],[-71.4252,-32.97871],[-71.4247,-32.97695],[-71.42315,-32.97612],[-71.41741,-32.97757],[-71.41317,-32.9757],[-71.40662,-32.97611],[-71.4029,-32.9747],[-71.40035,-32.97465],[-71.39816,-32.97517],[-71.39649,-32.9743],[-71.39435,-32.97463],[-71.39136,-32.97316],[-71.39065,-32.97198],[-71.38857,-32.97137],[-71.38714,-32.96991],[-71.38845,-32.96861],[-71.38916,-32.96549],[-71.39147,-32.96428],[-71.39363,-32.96252],[-71.39399,-32.96128],[-71.39625,-32.96123],[-71.39749,-32.95873],[-71.39762,-32.95739],[-71.39955,-32.95568],[-71.39894,-32.95272],[-71.39912,-32.95114],[-71.4021,-32.94841],[-71.4032,-32.94622],[-71.40293,-32.94236],[-71.40506,-32.94161],[-71.40747,-32.93879],[-71.40762,-32.93593],[-71.40839,-32.93511],[-71.41247,-32.93355],[-71.41423,-32.93375],[-71.41724,-32.93534],[-71.41766,-32.93624],[-71.41688,-32.94093],[-71.41885,-32.94232],[-71.42177,-32.94159],[-71.42619,-32.93998],[-71.42823,-32.93808],[-71.42864,-32.93664],[-71.42793,-32.93542],[-71.42585,-32.93374],[-71.4265,-32.93263],[-71.43132,-32.93116],[-71.43223,-32.93128],[-71.43608,-32.9335],[-71.43824,-32.93393],[-71.43973,-32.93279],[-71.43935,-32.93136],[-71.44028,-32.92843],[-71.44288,-32.92268],[-71.44136,-32.92219],[-71.43986,-32.92268],[-71.43703,-32.92244],[-71.43481,-32.92271],[-71.43226,-32.92128],[-71.43046,-32.92141],[-71.42689,-32.92025],[-71.42372,-32.92084],[-71.42185,-32.92015],[-71.41666,-32.92062],[-71.41499,-32.91909],[-71.41216,-32.91811],[-71.40867,-32.91808],[-71.4024,-32.91979],[-71.39818,-32.92045],[-71.39667,-32.919],[-71.39419,-32.91933],[-71.39264,-32.92144],[-71.39058,-32.92281],[-71.38826,-32.92286],[-71.38544,-32.92081],[-71.38288,-32.92029],[-71.38094,-32.92185],[-71.37907,-32.9215],[-71.37777,-32.91929],[-71.37655,-32.91826],[-71.37392,-32.91805],[-71.37196,-32.9188],[-71.36741,-32.91984],[-71.36345,-32.92197],[-71.36015,-32.92546],[-71.35772,-32.92761],[-71.35659,-32.92782],[-71.35405,-32.92689],[-71.35214,-32.92726],[-71.34678,-32.93083],[-71.34816,-32.93432],[-71.34924,-32.93543],[-71.34653,-32.93991],[-71.34466,-32.942],[-71.34342,-32.94212],[-71.34116,-32.94455],[-71.34008,-32.94745],[-71.33763,-32.94674],[-71.33706,-32.94899],[-71.33314,-32.9505],[-71.33176,-32.95176],[-71.32266,-32.95241],[-71.315,-32.95355],[-71.31285,-32.95359],[-71.30937,-32.95275],[-71.30647,-32.95452],[-71.3012,-32.95829],[-71.29604,-32.95937],[-71.29405,-32.96107],[-71.29215,-32.96187],[-71.28984,-32.96082],[-71.28498,-32.96057],[-71.2828,-32.96152],[-71.27964,-32.96196],[-71.2764,-32.96354],[-71.27366,-32.96381],[-71.27175,-32.96446],[-71.27049,-32.96616],[-71.26702,-32.96775],[-71.26161,-32.96875],[-71.2596,-32.96955],[-71.25712,-32.96993],[-71.25529,-32.97154],[-71.25316,-32.97244],[-71.24939,-32.97215],[-71.24753,-32.97261],[-71.24637,-32.97373],[-71.24468,-32.9739],[-71.24132,-32.97329],[-71.23587,-32.9736],[-71.23257,-32.97314],[-71.23102,-32.97226],[-71.22789,-32.97174],[-71.2206,-32.97192],[-71.21729,-32.97311]]]]}},{"type":"Feature","properties":{"cut":5803,"nombre":"Olmué","provincia":"Marga Marga"},"geometry":{"type":"MultiPolygon","coordinates":[[[[-71.02776,-32.98905],[-71.02708,-32.99133],[-71.02802,-32.99747],[-71.02717,-33.0003],[-71.02683,-33.0052],[-71.02609,-33.0064],[-71.0235,-33.00783],[-71.02006,-33.01162],[-71.01957,-33.01348],[-71.01986,-33.01536],[-71.01905,-33.0173],[-71.01979,-33.01825],[-71.01991,-33.02093],[-71.01796,-33.02458],[-71.01699,-33.02541],[-71.01706,-33.02769],[-71.01596,-33.02898],[-71.01467,-33.03217],[-71.01445,-33.03556],[-71.01358,-33.03802],[-71.00794,-33.042],[-71.0078,-33.04406],[-71.00604,-33.04563],[-71.00259,-33.04709],[-71.00161,-33.04791],[-71.00089,-33.05041],[-71.00489,-33.05288],[-71.00696,-33.05234],[-71.00771,-33.05301],[-71.00818,-33.05674],[-71.01022,-33.06023],[-71.00879,-33.06455],[-71.00931,-33.06521],[-71.01189,-33.06514],[-71.01345,-33.0667],[-71.01513,-33.06735],[-71.01821,-33.07022],[-71.01794,-33.07192],[-71.02246,-33.07645],[-71.02612,-33.07825],[-71.02736,-33.082],[-71.02918,-33.08403],[-71.03078,-33.08524],[-71.03152,-33.08814],[-71.03298,-33.09208],[-71.0342,-33.09349],[-71.0396,-33.09674],[-71.04348,-33.09758],[-71.04651,-33.09877],[-71.05346,-33.09837],[-71.05833,-33.09937],[-71.06166,-33.10154],[-71.06399,-33.10154],[-71.06573,-33.10086],[-71.06794,-33.09903],[-71.06907,-33.0973],[-71.07207,-33.09661],[-71.07524,-33.09876],[-71.07955,-33.10056],[-71.08258,-33.10308],[-71.08596,-33.10506],[-71.08921,-33.10567],[-71.09045,-33.10732],[-71.09421,-33.10865],[-71.09676,-33.11069],[-71.09934,-33.11135],[-71.10391,-33.1135],[-71.10533,-33.11486],[-71.10905,-33.11726],[-71.11019,-33.11874],[-71.1127,-33.11835],[-71.11933,-33.11605],[-71.12172,-33.11485],[-71.12316,-33.11668],[-71.12461,-33.11714],[-71.12513,-33.11885],[-71.13274,-33.12084],[-71.13611,-33.12121],[-71.13949,-33.11751],[-71.13976,-33.11557],[-71.13936,-33.11215],[-71.13952,-33.10987],[-71.14114,-33.10782],[-71.14393,-33.10672],[-71.14882,-33.10602],[-71.15163,-33.10597],[-71.15156,-33.10474],[-71.15004,-33.09742],[-71.15036,-33.0947],[-71.15233,-33.09283],[-71.15703,-33.09054],[-71.1594,-33.08884],[-71.16035,-33.08754],[-71.16451,-33.08544],[-71.1658,-33.08369],[-71.17032,-33.08067],[-71.17196,-33.07866],[-71.1738,-33.07771],[-71.17706,-33.07687],[-71.17702,-33.07193],[-71.17791,-33.06804],[-71.17777,-33.06262],[-71.18134,-33.05982],[-71.18262,-33.05634],[-71.18387,-33.05388],[-71.18498,-33.05046],[-71.18553,-33.04702],[-71.18694,-33.04428],[-71.18708,-33.04124],[-71.18762,-33.03875],[-71.1889,-33.03744],[-71.1914,-33.03694],[-71.19176,-33.03606],[-71.19046,-33.03325],[-71.19138,-33.03089],[-71.19307,-33.0286],[-71.19458,-33.02742],[-71.19505,-33.02461],[-71.19648,-33.02383],[-71.20109,-33.0225],[-71.20897,-33.01891],[-71.21117,-33.01712],[-71.21135,-33.01569],[-71.20496,-33.01332],[-71.20247,-33.01222],[-71.20076,-33.00907],[-71.20054,-33.00686],[-71.20275,-33.00568],[-71.20625,-33.0052],[-71.20883,-33.00428],[-71.21311,-33.00323],[-71.21554,-33.00155],[-71.21753,-33.00148],[-71.22235,-32.9999],[-71.2207,-32.9981],[-71.22127,-32.99422],[-71.22016,-32.9938],[-71.22013,-32.99046],[-71.21938,-32.98906],[-71.21932,-32.98681],[-71.22053,-32.98365],[-71.22038,-32.98155],[-71.21776,-32.97798],[-71.21729,-32.97311],[-71.21312,-32.97298],[-71.21156,-32.97168],[-71.20648,-32.97224],[-71.20277,-32.97116],[-71.20058,-32.97158],[-71.19881,-32.97104],[-71.19525,-32.97125],[-71.19213,-32.97209],[-71.18877,-32.97139],[-71.18498,-32.97179],[-71.18266,-32.97159],[-71.17854,-32.96994],[-71.17489,-32.96896],[-71.17218,-32.96924],[-71.16695,-32.97155],[-71.16279,-32.97267],[-71.15747,-32.97291],[-71.15495,-32.97405],[-71.15372,-32.97226],[-71.15,-32.97075],[-71.14595,-32.97046],[-71.14432,-32.96877],[-71.14189,-32.96895],[-71.13984,-32.96842],[-71.13793,-32.96678],[-71.13544,-32.96654],[-71.13122,-32.96312],[-71.12928,-32.96235],[-71.12731,-32.96071],[-71.12573,-32.95728],[-71.11951,-32.95465],[-71.11783,-32.95619],[-71.11766,-32.95836],[-71.11693,-32.95989],[-71.11342,-32.96354],[-71.11254,-32.96558],[-71.11013,-32.96787],[-71.10708,-32.97013],[-71.10309,-32.97227],[-71.10227,-32.97463],[-71.09992,-32.9766],[-71.09683,-32.97771],[-71.09054,-32.97943],[-71.08841,-32.97937],[-71.08533,-32.97751],[-71.08155,-32.97693],[-71.07906,-32.97743],[-71.07756,-32.97902],[-71.07692,-32.98179],[-71.0728,-32.98306],[-71.0706,-32.98471],[-71.06776,-32.98448],[-71.06483,-32.98531],[-71.0626,-32.98449],[-71.0591,-32.98423],[-71.05379,-32.98602],[-71.04673,-32.98991],[-71.0415,-32.99064],[-71.03748,-32.99031],[-71.03384,-32.98885],[-71.03035,-32.98873],[-71.02776,-32.98905]]]]}},{"type":"Feature","properties":{"cut":5804,"nombre":"Villa Alemana","provincia":"Marga Marga"},"geometry":{"type":"MultiPolygon","coordinates":[[[[-71.39943,-33.03568],[-71.3991,-33.02366],[-71.39884,-33.01396],[-71.39915,-33.0133],[-71.39536,-33.01305],[-71.39147,-33.01392],[-71.38724,-33.01415],[-71.38538,-33.01357],[-71.38302,-33.01436],[-71.38164,-33.0177],[-71.38039,-33.0184],[-71.37967,-33.02079],[-71.37512,-33.0231],[-71.37449,-33.0246],[-71.37361,-33.02509],[-71.37272,-33.02545],[-71.37114,-33.02565],[-71.37105,-33.02566],[-71.37078,-33.0257],[-71.37069,-33.02572],[-71.37043,-33.02582],[-71.3687,-33.02603],[-71.36776,-33.02632],[-71.36634,-33.02712],[-71.3649,-33.0274],[-71.36355,-33.02822],[-71.36311,-33.02843],[-71.36155,-33.02906],[-71.35979,-33.02925],[-71.35849,-33.02923],[-71.35695,-33.03029],[-71.35658,-33.03053],[-71.35539,-33.03115],[-71.35476,-33.03167],[-71.35465,-33.03184],[-71.3546,-33.03192],[-71.35331,-33.03287],[-71.34954,-33.03482],[-71.34702,-33.03692],[-71.34658,-33.03754],[-71.34571,-33.03882],[-71.34256,-33.04265],[-71.34034,-33.0437],[-71.33812,-33.04319],[-71.33702,-33.04171],[-71.33674,-33.04171],[-71.33604,-33.04181],[-71.33577,-33.04189],[-71.3337,-33.04236],[-71.33083,-33.04461],[-71.32825,-33.04365],[-71.32822,-33.03891],[-71.32756,-33.03752],[-71.32437,-33.03431],[-71.32292,-33.03235],[-71.32253,-33.0308],[-71.32043,-33.02905],[-71.31975,-33.02738],[-71.3198,-33.02413],[-71.31935,-33.02322],[-71.30736,-33.01716],[-71.30349,-33.01643],[-71.30131,-33.01547],[-71.29967,-33.01363],[-71.29758,-33.01376],[-71.2955,-33.01145],[-71.29185,-33.0159],[-71.29036,-33.01717],[-71.28556,-33.01903],[-71.28489,-33.02131],[-71.28684,-33.0229],[-71.28841,-33.02551],[-71.28995,-33.02898],[-71.28588,-33.03453],[-71.28561,-33.03718],[-71.28587,-33.03989],[-71.28841,-33.04483],[-71.28833,-33.04818],[-71.29039,-33.0501],[-71.29027,-33.05758],[-71.29075,-33.0606],[-71.29211,-33.06232],[-71.2923,-33.06454],[-71.28763,-33.06898],[-71.28283,-33.07119],[-71.2806,-33.07271],[-71.27865,-33.07492],[-71.27737,-33.07914],[-71.27506,-33.08252],[-71.27365,-33.08392],[-71.2715,-33.08499],[-71.26921,-33.08938],[-71.26699,-33.09141],[-71.2652,-33.09217],[-71.26226,-33.09443],[-71.25967,-33.09578],[-71.25652,-33.10053],[-71.25896,-33.10451],[-71.25914,-33.10631],[-71.26077,-33.10878],[-71.26454,-33.11245],[-71.26591,-33.11284],[-71.2674,-33.11666],[-71.26959,-33.11835],[-71.27422,-33.11767],[-71.27574,-33.12017],[-71.27927,-33.12002],[-71.28154,-33.12155],[-71.28331,-33.1219],[-71.2868,-33.12164],[-71.289,-33.12084],[-71.29123,-33.11923],[-71.29323,-33.11845],[-71.29652,-33.11938],[-71.29919,-33.11911],[-71.30218,-33.12084],[-71.30513,-33.12071],[-71.30855,-33.11977],[-71.31172,-33.11788],[-71.31376,-33.11519],[-71.3165,-33.11422],[-71.31863,-33.11239],[-71.3194,-33.1107],[-71.32229,-33.10839],[-71.32424,-33.10839],[-71.32503,-33.10735],[-71.32759,-33.10911],[-71.33006,-33.10944],[-71.33387,-33.10885],[-71.33675,-33.10609],[-71.33867,-33.10597],[-71.34173,-33.10304],[-71.34469,-33.10261],[-71.34651,-33.10174],[-71.34984,-33.10136],[-71.35235,-33.09945],[-71.35377,-33.09966],[-71.35895,-33.09811],[-71.36008,-33.09627],[-71.36196,-33.09455],[-71.36569,-33.09335],[-71.36455,-33.08859],[-71.36817,-33.08424],[-71.36963,-33.083],[-71.3706,-33.08253],[-71.37018,-33.08056],[-71.37078,-33.07988],[-71.37124,-33.07972],[-71.37222,-33.07974],[-71.37251,-33.08006],[-71.37524,-33.082],[-71.37584,-33.08171],[-71.37875,-33.07578],[-71.37901,-33.07518],[-71.38181,-33.07456],[-71.38598,-33.07514],[-71.38861,-33.07311],[-71.39019,-33.07253],[-71.3923,-33.07059],[-71.39671,-33.06998],[-71.39821,-33.06826],[-71.39891,-33.06782],[-71.40095,-33.0676],[-71.3999,-33.05988],[-71.40046,-33.05986],[-71.40037,-33.05594],[-71.39913,-33.05453],[-71.39868,-33.04981],[-71.39834,-33.04629],[-71.39973,-33.04574],[-71.39943,-33.03568]]]]}}]}